ingredient_id,ingredient_name,purity,moisture_content,ph_range,specific_gravity_range
2006-09-6,Aura Acai Gum,99.2,0.75,6.45 – 7.15,0.920 – 0.940
3343-80-2,Plasma Basil Oil,99.2,0.75,6.45 – 7.15,0.920 – 0.940
0652-40-2,Pulsar Guar Oil,99.2,0.75,6.45 – 7.15,0.920 – 0.940
3520-61-4,Cyber-Flux 197,99.2,0.75,6.45 – 7.15,0.920 – 0.940
6515-04-9,Volcanic Acacia Extract,99.2,0.75,6.45 – 7.15,0.920 – 0.940
3550-30-4,Aura Maple Syrup,99.2,0.75,6.45 – 7.15,0.920 – 0.940
8112-64-6,Hyper Vanilla Oil,99.2,0.75,6.45 – 7.15,0.920 – 0.940
0547-49-2,Lunar Lemon Protein,99.2,0.75,6.45 – 7.15,0.920 – 0.940
4347-62-7,Aura Lavender Lecithin,99.2,0.75,6.45 – 7.15,0.920 – 0.940
0601-31-1,Cyber-Flux 855,99.2,0.75,6.45 – 7.15,0.920 – 0.940
6590-94-9,Cyber Lychee Oil,99.2,0.75,6.45 – 7.15,0.920 – 0.940
6011-21-3,Stellar Lavender Extract,99.2,0.75,6.45 – 7.15,0.920 – 0.940
2309-22-2,Plasma Acacia Gum,99.2,0.75,6.45 – 7.15,0.920 – 0.940
2424-06-1,Vortex Xanthan Isolate,99.2,0.75,6.45 – 7.15,0.920 – 0.940
3758-07-6,Nebula Stevia Oil,99.2,0.75,6.45 – 7.15,0.920 – 0.940
2239-61-0,Cyber-Flux 200,99.2,0.75,6.45 – 7.15,0.920 – 0.940
1243-65-5,Galactic Lavender Oil,99.2,0.75,6.45 – 7.15,0.920 – 0.940
3620-24-3,Opal Caramel Extract,99.2,0.75,6.45 – 7.15,0.920 – 0.940
6381-59-3,Glacial Cane Oil,99.2,0.75,6.45 – 7.15,0.920 – 0.940
9020-06-3,Quantum Acai Lecithin,99.2,0.75,6.45 – 7.15,0.920 – 0.940
1017-09-2,Pulsar Maple Oil,99.2,0.75,6.45 - 7.15,0.920 - 0.940
7163-36-4,Xeno-Isolate-X 866,99.2,0.75,6.45 – 7.15,0.920 – 0.940
3786-04-3,Volcanic Xanthan Extract,99.2,0.75,6.45 – 7.15,0.920 – 0.940
6133-45-1,Pulsar Cinnamon Protein,99.2,0.75,6.45 – 7.15,0.920 – 0.940
5405-80-1,Bio-Flux 691,99.2,0.75,6.45 – 7.15,0.920 – 0.940
4959-13-3,Solar Cane Protein,99.2,0.75,6.45 - 7.15,0.920 - 0.940
1734-00-4,Vortex Sunflower Protein,99.2,0.75,6.45 - 7.15,0.920 - 0.940
5268-25-8,Galactic Acacia Lecithin,99.2,0.75,6.45 – 7.15,0.920 – 0.940
2083-10-7,Vortex Acacia Concentrate,99.2,0.75,6.45 – 7.15,0.920 – 0.940
3589-48-5,Galactic Lychee Lecithin,99.2,0.75,6.45 – 7.15,0.920 – 0.940
3047-31-3,Hyper Acacia Extract,99.2,0.75,6.45 – 7.15,0.920 – 0.940
0261-85-0,Lunar Beet Powder,99.2,0.75,6.45 – 7.15,0.920 – 0.940
0252-57-4,Cosmic Cinnamon Oil,99.2,0.75,6.45 – 7.15,0.920 – 0.940
3393-65-1,Stellar Xanthan Syrup,99.2,0.75,6.45 – 7.15,0.920 – 0.940
5535-53-2,Aura Basil Protein,99.2,0.75,6.45 – 7.15,0.920 – 0.940
7068-00-1,Vortex Acacia Lecithin,99.2,0.75,6.45 – 7.15,0.920 – 0.940
9078-48-3,Opal Maple Gum,99.2,0.75,6.45 – 7.15,0.920 – 0.940
5779-01-4,Aura Caramel Extract,99.2,0.75,6.45 – 7.15,0.920 – 0.940
2218-46-6,Aura Lychee Gum,99.2,0.75,6.45 – 7.15,0.920 – 0.940
9437-49-0,Aura Hibiscus Gum,99.2,0.75,6.45 – 7.15,0.920 – 0.940
7163-93-5,Cyber-Flux 479,99.2,0.75,6.45 – 7.15,0.920 – 0.940
3400-24-5,Zenith Chicory Concentrate,99.2,0.75,6.45 – 7.15,0.920 – 0.940
7429-16-4,Pulsar Basil Isolate,99.2,0.75,6.45 – 7.15,0.920 – 0.940
2663-52-7,Plasma Lychee Lecithin,99.2,0.75,6.45 – 7.15,0.920 – 0.940
4215-95-6,Hyper Agave Oil,99.2,0.75,6.45 – 7.15,0.920 – 0.940
0466-01-3,Stellar Cinnamon Oil,99.2,0.75,6.45 – 7.15,0.920 – 0.940
7466-01-2,Aura Stevia Lecithin,99.2,0.75,6.45 – 7.15,0.920 – 0.940
5037-21-3,Galactic Guar Syrup,99.2,0.75,6.45 – 7.15,0.920 – 0.940
4776-93-0,Hyper Chocolate Concentrate,99.2,0.75,6.45 – 7.15,0.920 – 0.940
3835-56-8,Lunar Chocolate Oil,99.2,0.75,6.45 – 7.15,0.920 – 0.940
1765-67-3,Lunar Sunflower Concentrate,99.2,0.75,6.45 – 7.15,0.920 – 0.940
4691-82-1,Cosmic Acacia Gum,99.2,0.75,6.45 – 7.15,0.920 – 0.940
2119-15-5,Glacial Cane Extract,99.2,0.75,6.45 – 7.15,0.920 – 0.940
8404-26-8,Pulsar Cane Powder,99.2,0.75,6.45 – 7.15,0.920 – 0.940
2225-17-2,Pulsar Sunflower Isolate,99.2,0.75,6.45 – 7.15,0.920 – 0.940
8144-60-5,Glacial Ginger Lecithin,99.2,0.75,6.45 – 7.15,0.920 – 0.940
4664-15-2,Volcanic Guava Isolate,99.2,0.75,6.45 – 7.15,0.920 – 0.940
1615-54-4,Plasma Locust Bean Protein,99.2,0.75,6.45 – 7.15,0.920 – 0.940
8662-04-4,Cyber-Flux 581,99.2,0.75,6.45 - 7.15,0.920 - 0.940
9429-06-4,Solar Maple Isolate,99.2,0.75,6.45 – 7.15,0.920 – 0.940
4704-42-5,Vortex Hibiscus Extract,99.2,0.75,6.45 – 7.15,0.920 – 0.940
3283-75-8,Opal Beet Concentrate,99.2,0.75,6.45 - 7.15,0.920 - 0.940
9505-65-2,Pulsar Agave Extract,99.2,0.75,6.45 – 7.15,0.920 – 0.940
4639-50-4,Martian Chocolate Concentrate,99.2,0.75,6.45 - 7.15,0.920 - 0.940
2458-58-3,Asteroid Chocolate Isolate,99.2,0.75,6.45 – 7.15,0.920 – 0.940
1639-27-2,Zenith Guava Extract,99.2,0.75,6.45 – 7.15,0.920 – 0.940
2802-53-2,Vortex Maple Oil,99.2,0.75,6.45 – 7.15,0.920 – 0.940
4539-50-7,Solar Stevia Gum,99.2,0.75,6.45 – 7.15,0.920 – 0.940
8792-17-1,Lunar Monk Fruit Lecithin,99.2,0.75,6.45 – 7.15,0.920 – 0.940
1685-34-0,Xeno-Isolate-X 627,99.2,0.75,6.45 – 7.15,0.920 – 0.940
3349-74-4,Opal Agave Isolate,99.2,0.75,6.45 – 7.15,0.920 – 0.940
0464-17-0,Neuro-Matrix 131,99.2,0.75,6.45 – 7.15,0.920 – 0.940
8222-04-7,Asteroid Stevia Protein,99.2,0.75,6.45 – 7.15,0.920 – 0.940
4803-44-4,Zenith Agave Extract,99.2,0.75,6.45 – 7.15,0.920 – 0.940
7018-02-5,Quantum Vanilla Concentrate,99.2,0.75,6.45 – 7.15,0.920 – 0.940
4410-65-1,Cyber Basil Lecithin,99.2,0.75,6.45 – 7.15,0.920 – 0.940
8701-24-7,Asteroid Hibiscus Gum,99.2,0.75,6.45 - 7.15,0.920 - 0.940
2836-34-5,Cosmic Caramel Lecithin,99.2,0.75,6.45 – 7.15,0.920 – 0.940
1494-56-5,Hyper-Synthesizer 501,99.2,0.75,6.45 – 7.15,0.920 – 0.940
3434-19-1,Aura Locust Bean Lecithin,99.2,0.75,6.45 – 7.15,0.920 – 0.940
8373-29-2,Glacial Caramel Concentrate,99.2,0.75,6.45 – 7.15,0.920 – 0.940
9677-21-9,Volcanic Xanthan Syrup,99.2,0.75,6.45 – 7.15,0.920 – 0.940
2064-34-9,Plasma Cinnamon Concentrate,99.2,0.75,6.45 – 7.15,0.920 – 0.940
9462-08-7,Stellar Lemon Isolate,99.2,0.75,6.45 – 7.15,0.920 – 0.940
9781-84-2,Aura Cinnamon Extract,99.2,0.75,6.45 – 7.15,0.920 – 0.940
5919-40-8,Lunar Guar Concentrate,99.2,0.75,6.45 – 7.15,0.920 – 0.940
6787-09-4,Martian Stevia Gum,99.2,0.75,6.45 – 7.15,0.920 – 0.940
5057-46-3,Cyber Acai Powder,99.2,0.75,6.45 – 7.15,0.920 – 0.940
2107-69-2,Nebula Cinnamon Isolate,99.2,0.75,6.45 – 7.15,0.920 – 0.940
5843-55-3,Pulsar Vanilla Powder,99.2,0.75,6.45 - 7.15,0.920 - 0.940
7823-37-8,Cyber-Flux 829,99.2,0.75,6.45 – 7.15,0.920 – 0.940
3594-43-8,Neuro-Matrix 914,99.2,0.75,6.45 – 7.15,0.920 – 0.940
0205-73-0,Martian Pomegranate Oil,99.2,0.75,6.45 – 7.15,0.920 – 0.940
4559-96-4,Nebula Stevia Protein,99.2,0.75,6.45 – 7.15,0.920 – 0.940
9310-02-4,Hyper Chocolate Extract,99.2,0.75,6.45 – 7.15,0.920 – 0.940
2771-15-1,Hyper-Synthesizer 914,99.2,0.75,6.45 – 7.15,0.920 – 0.940
9177-97-3,Asteroid Vanilla Gum,99.2,0.75,6.45 – 7.15,0.920 – 0.940
3870-62-0,Nebula Sunflower Syrup,99.2,0.75,6.45 – 7.15,0.920 – 0.940
3940-82-3,Cyber Acai Gum,99.2,0.75,6.45 – 7.15,0.920 – 0.940
2213-49-5,Aura Hibiscus Protein,99.2,0.75,6.45 – 7.15,0.920 – 0.940
8470-21-5,Cosmic Locust Bean Concentrate,99.2,0.75,6.45 - 7.15,0.920 - 0.940
2254-41-5,Quantum Pomegranate Powder,99.2,0.75,6.45 – 7.15,0.920 – 0.940
6477-68-3,Cyber Guava Powder,99.2,0.75,6.45 – 7.15,0.920 – 0.940
7434-22-5,Lunar Locust Bean Gum,99.2,0.75,6.45 – 7.15,0.920 – 0.940
5719-70-2,Quantum Maple Syrup,99.2,0.75,6.45 – 7.15,0.920 – 0.940
7501-68-3,Asteroid Basil Lecithin,99.2,0.75,6.45 – 7.15,0.920 – 0.940
7627-99-0,Neuro-Matrix 994,99.2,0.75,6.45 – 7.15,0.920 – 0.940
3932-16-2,Hyper Chicory Isolate,99.2,0.75,6.45 – 7.15,0.920 – 0.940
9856-35-3,Martian Ginger Gum,99.2,0.75,6.45 – 7.15,0.920 – 0.940
8978-70-8,Neuro-Matrix 578,99.2,0.75,6.45 – 7.15,0.920 – 0.940
3031-63-0,Comet Acai Syrup,99.2,0.75,6.45 – 7.15,0.920 – 0.940
2179-65-1,Solar Monk Fruit Lecithin,99.2,0.75,6.45 – 7.15,0.920 – 0.940
6652-65-1,Nebula Passionfruit Lecithin,99.2,0.75,6.45 – 7.15,0.920 – 0.940
3147-08-3,Nebula Mango Concentrate,99.2,0.75,6.45 – 7.15,0.920 – 0.940
0733-27-8,Zenith Sunflower Powder,99.2,0.75,6.45 – 7.15,0.920 – 0.940
8394-05-9,Neuro-Matrix 703,99.2,0.75,6.45 – 7.15,0.920 – 0.940
4429-65-2,Hyper Passionfruit Lecithin,99.2,0.75,6.45 – 7.15,0.920 – 0.940
1195-20-6,Solar Chocolate Powder,99.2,0.75,6.45 – 7.15,0.920 – 0.940
3880-31-2,Neuro-Matrix 806,99.2,0.75,6.45 – 7.15,0.920 – 0.940
6802-16-1,Asteroid Maple Gum,99.2,0.75,6.45 – 7.15,0.920 – 0.940
2680-99-8,Plasma Cane Powder,99.2,0.75,6.45 – 7.15,0.920 – 0.940
7842-78-9,Plasma-Isolate-X 590,99.2,0.75,6.45 – 7.15,0.920 – 0.940
1933-61-1,Hyper-Synthesizer 679,99.2,0.75,6.45 – 7.15,0.920 – 0.940
7924-46-6,Cosmic Xanthan Lecithin,99.2,0.75,6.45 – 7.15,0.920 – 0.940
2583-07-3,Krypto-Stabilizer 471,99.2,0.75,6.45 – 7.15,0.920 – 0.940
0062-59-6,Zenith Sunflower Extract,99.2,0.75,6.45 – 7.15,0.920 – 0.940
7657-79-6,Plasma Monk Fruit Isolate,99.2,0.75,6.45 – 7.15,0.920 – 0.940
1575-20-8,Zenith Dragonfruit Powder,99.2,0.75,6.45 – 7.15,0.920 – 0.940
1658-46-5,Galactic Lemon Syrup,99.2,0.75,6.45 – 7.15,0.920 – 0.940
3381-65-0,Glacial Locust Bean Gum,99.2,0.75,6.45 – 7.15,0.920 – 0.940
1975-17-8,Martian Basil Concentrate,99.2,0.75,6.45 – 7.15,0.920 – 0.940
8075-94-2,Solar Chicory Gum,99.2,0.75,6.45 – 7.15,0.920 – 0.940
9518-45-5,Cyber Chocolate Syrup,99.2,0.75,6.45 – 7.15,0.920 – 0.940
0854-16-7,Asteroid Basil Concentrate,99.2,0.75,6.45 – 7.15,0.920 – 0.940
9051-25-3,Nebula Passionfruit Syrup,99.2,0.75,6.45 – 7.15,0.920 – 0.940
1453-22-3,Comet Egg Oil,99.2,0.75,6.45 – 7.15,0.920 – 0.940
8765-56-1,Hyper-Synthesizer 782,99.2,0.75,6.45 – 7.15,0.920 – 0.940
3951-13-6,Vortex Passionfruit Syrup,99.2,0.75,6.45 – 7.15,0.920 – 0.940
1945-34-8,Glacial Sunflower Lecithin,99.2,0.75,6.45 – 7.15,0.920 – 0.940
7674-95-4,Krypto-Stabilizer 660,99.2,0.75,6.45 – 7.15,0.920 – 0.940
1191-31-8,Krypto-Stabilizer 627,99.2,0.75,6.45 – 7.15,0.920 – 0.940
3016-07-9,Cosmic Ginger Powder,99.2,0.75,6.45 – 7.15,0.920 – 0.940
4392-44-3,Solar Locust Bean Powder,99.2,0.75,6.45 – 7.15,0.920 – 0.940
2930-83-7,Krypto-Stabilizer 407,99.2,0.75,6.45 – 7.15,0.920 – 0.940
5947-51-2,Asteroid Cinnamon Syrup,99.2,0.75,6.45 – 7.15,0.920 – 0.940
7410-50-9,Cosmic Dragonfruit Gum,99.2,0.75,6.45 – 7.15,0.920 – 0.940
9111-20-5,Krypto-Stabilizer 352,99.2,0.75,6.45 – 7.15,0.920 – 0.940
8788-93-9,Krypto-Stabilizer 532,99.2,0.75,6.45 – 7.15,0.920 – 0.940
7214-37-3,Asteroid Whey Protein,99.2,0.75,6.45 – 7.15,0.920 – 0.940
6405-50-5,Vortex Soy Isolate,99.2,0.75,6.45 – 7.15,0.920 – 0.940
7916-73-1,Comet Fish Oil,99.2,0.75,6.45 – 7.15,0.920 – 0.940
7056-05-4,Volcanic Peanut Protein,99.2,0.75,6.45 – 7.15,0.920 – 0.940
9357-14-5,Aura Peanut Powder,99.2,0.75,6.45 – 7.15,0.920 – 0.940
5380-04-1,Aura Fish Syrup,99.2,0.75,6.45 – 7.15,0.920 – 0.940
9560-81-1,Martian Oat Extract,99.2,0.75,6.45 – 7.15,0.920 – 0.940
4551-50-6,Comet Almond Powder,99.2,0.75,6.45 – 7.15,0.920 – 0.940
3575-60-8,Pulsar Wheat Isolate,99.2,0.75,6.45 – 7.15,0.920 – 0.940
6997-91-2,Aura Whey Extract,99.2,0.75,6.45 – 7.15,0.920 – 0.940
6250-94-9,Stellar Soy Extract,99.2,0.75,6.45 – 7.15,0.920 – 0.940
4137-19-0,Hyper Oat Gum,99.2,0.75,6.45 – 7.15,0.920 – 0.940
5347-32-1,Lunar Sesame Oil,99.2,0.75,6.45 – 7.15,0.920 – 0.940
7917-04-3,Vortex Oat Gum,99.2,0.75,6.45 – 7.15,0.920 – 0.940
1251-52-4,Stellar Peanut Concentrate,99.2,0.75,6.45 – 7.15,0.920 – 0.940
7155-97-5,Cyber Soy Protein,99.2,0.75,6.45 – 7.15,0.920 – 0.940
0450-39-5,Vortex Soy Extract,99.2,0.75,6.45 – 7.15,0.920 – 0.940
3588-14-1,Volcanic Soy Isolate,99.2,0.75,6.45 – 7.15,0.920 – 0.940
1106-85-9,Nebula Wheat Isolate,99.2,0.75,6.45 – 7.15,0.920 – 0.940
6044-52-0,Martian Barley Powder,99.2,0.75,6.45 – 7.15,0.920 – 0.940
5242-85-7,Aura Oat Lecithin,99.2,0.75,6.45 – 7.15,0.920 – 0.940
3330-65-9,Plasma Almond Extract,99.2,0.75,6.45 – 7.15,0.920 – 0.940
4913-76-9,Volcanic Barley Extract,99.2,0.75,6.45 – 7.15,0.920 – 0.940
4543-14-5,Pulsar Sesame Lecithin,99.2,0.75,6.45 – 7.15,0.920 – 0.940
1376-01-4,Zenith Cashew Protein,99.2,0.75,6.45 – 7.15,0.920 – 0.940
8042-59-2,Martian Peanut Lecithin,99.2,0.75,6.45 – 7.15,0.920 – 0.940
9285-87-6,Hyper Whey Isolate,99.2,0.75,6.45 – 7.15,0.920 – 0.940
2150-18-9,Plasma Pistachio Gum,99.2,0.75,6.45 – 7.15,0.920 – 0.940
3043-00-6,Martian Almond Protein,99.2,0.75,6.45 – 7.15,0.920 – 0.940
3099-17-6,Glacial Soy Gum,99.2,0.75,6.45 – 7.15,0.920 – 0.940
7173-08-2,Quantum Soy Protein,99.2,0.75,6.45 – 7.15,0.920 – 0.940
6477-87-4,Opal Whey Powder,99.2,0.75,6.45 – 7.15,0.920 – 0.940
5396-94-0,Martian Egg Isolate,99.2,0.75,6.45 – 7.15,0.920 – 0.940
1206-83-8,Glacial Wheat Concentrate,99.2,0.75,6.45 – 7.15,0.920 – 0.940
2099-57-7,Pulsar Almond Powder,99.2,0.75,6.45 – 7.15,0.920 – 0.940
8365-09-5,Aura Crustacean Isolate,99.2,0.75,6.45 – 7.15,0.920 – 0.940
6060-06-2,Martian Crustacean Extract,99.2,0.75,6.45 – 7.15,0.920 – 0.940
5719-45-6,Hyper Cashew Powder,99.2,0.75,6.45 – 7.15,0.920 – 0.940
3466-69-0,Galactic Soy Isolate,99.2,0.75,6.45 – 7.15,0.920 – 0.940
0371-25-7,Martian Soy Powder,99.2,0.75,6.45 – 7.15,0.920 – 0.940
5522-46-5,Plasma Pistachio Powder,99.2,0.75,6.45 – 7.15,0.920 – 0.940
7774-96-3,Comet Almond Syrup,99.2,0.75,6.45 – 7.15,0.920 – 0.940
7460-10-6,Nebula Almond Extract,99.2,0.75,6.45 - 7.15,0.920 - 0.940
0755-83-9,Vortex Pistachio Concentrate,99.2,0.75,6.45 – 7.15,0.920 – 0.940
8673-58-7,Glacial Almond Powder,99.2,0.75,6.45 – 7.15,0.920 – 0.940
4649-12-5,Stellar Cashew Protein,99.2,0.75,6.45 – 7.15,0.920 – 0.940
4478-09-2,Cosmic Peanut Gum,99.2,0.75,6.45 – 7.15,0.920 – 0.940
3849-91-4,Opal Pistachio Powder,99.2,0.75,6.45 – 7.15,0.920 – 0.940
4940-79-1,Cosmic Whey Extract,99.2,0.75,6.45 – 7.15,0.920 – 0.940
9412-78-0,Midnight Base 204,99.2,0.75,6.45 – 7.15,0.920 – 0.940
8412-22-9,Cosmic Oat Powder,99.2,0.75,6.45 – 7.15,0.920 – 0.940
8924-30-0,Plasma Cashew Concentrate,99.2,0.75,6.45 – 7.15,0.920 – 0.940
vortex-xanthan-isolate,Vortex Xanthan Isolate,,,,
neuro-matrix-994,Neuro-Matrix 994,,,,
cosmic-dragonfruit-gum,Cosmic Dragonfruit Gum,,,,
asteroid-basil-lecithin,Asteroid Basil Lecithin,,,,
nebula-mango-concentrate,Nebula Mango Concentrate,,,,
plasma-locust-bean-protein,Plasma Locust Bean Protein,,,,
galactic-lavender-oil,Galactic Lavender Oil,,,,
zenith-guava-extract,Zenith Guava Extract,,,,
galactic-lychee-lecithin,Galactic Lychee Lecithin,,,,
lunar-beet-powder,Lunar Beet Powder,,,,
nebula-cinnamon-isolate,Nebula Cinnamon Isolate,,,,
Plasma Locust Bean Protein,Plasma Locust Bean Protein,,,,
Aura Hibiscus Gum,Aura Hibiscus Gum,,,,
Hyper-Synthesizer 679,Hyper-Synthesizer 679,,,,
Lunar Guar Concentrate,Lunar Guar Concentrate,,,,
Plasma Cane Powder,Plasma Cane Powder,,,,
Hyper-Synthesizer 501,Hyper-Synthesizer 501,,,,
Cosmic Ginger Powder,Cosmic Ginger Powder,,,,
PULSAR_CANE_POWDER,Pulsar Cane Powder,0.0,0.0,null,null
ASTEROID_STEVIA_PROTEIN,Asteroid Stevia Protein,0.0,0.0,null,null
SOLAR_CHOCOLATE_POWDER,Solar Chocolate Powder,0.0,0.0,null,null
LUNAR_CHOCOLATE_OIL,Lunar Chocolate Oil,0.0,0.0,null,null
CYBER_FLUX_197,Cyber-Flux 197,0.0,0.0,null,null
LUNAR_LOCUST_BEAN_GUM,Lunar Locust Bean Gum,0.0,0.0,null,null
LUNAR_BEET_POWDER,Lunar Beet Powder,0.0,0.0,null,null
OPAL_MAPLE_GUM,Opal Maple Gum,0.0,0.0,null,null
Cyber Acai Powder,Cyber Acai Powder,,,,
Cyber-Flux 855,Cyber-Flux 855,,,,
Aura Hibiscus Protein,Aura Hibiscus Protein,,,,
Zenith Agave Extract,Zenith Agave Extract,,,,
Zenith Guava Extract,Zenith Guava Extract,,,,
Krypto-Stabilizer 407,Krypto-Stabilizer 407,,,,
Nebula Stevia Protein,Nebula Stevia Protein,,,,
Aura Stevia Lecithin,Aura Stevia Lecithin,,,,
Pulsar Vanilla Powder,Pulsar Vanilla Powder,,,,
Volcanic Xanthan Syrup,Volcanic Xanthan Syrup,,,,
HYP-CHOC-EXT,Hyper Chocolate Extract,100.0,0.0,N/A,N/A
VOR-SOY-EXT,Vortex Soy Extract,100.0,0.0,N/A,N/A
HYP-SYN-914,Hyper-Synthesizer 914,100.0,0.0,N/A,N/A
OPA-MAP-GUM,Opal Maple Gum,100.0,0.0,N/A,N/A
CYB-GUA-POW,Cyber Guava Powder,100.0,0.0,N/A,N/A
COM-ALM-POW,Comet Almond Powder,100.0,0.0,N/A,N/A
HYP-ACA-EXT,Hyper Acacia Extract,100.0,0.0,N/A,N/A
AUR-HIB-GUM,Aura Hibiscus Gum,100.0,0.0,N/A,N/A
PUL-MAP-OIL,Pulsar Maple Oil,100.0,0.0,N/A,N/A
solar-cane-protein,Solar Cane Protein,,,,
glacial-cane-extract,Glacial Cane Extract,,,,
cyber-flux-479,Cyber-Flux 479,,,,
vortex-acacia-concentrate,Vortex Acacia Concentrate,,,,
plasma-locust-bean-protein,Plasma Locust Bean Protein,,,,
nebula-stevia-oil,Nebula Stevia Oil,,,,
martian-basil-concentrate,Martian Basil Concentrate,,,,
martian-ginger-gum,Martian Ginger Gum,,,,
Hyper Chicory Isolate,Hyper Chicory Isolate,,,,
Nebula Passionfruit Syrup,Nebula Passionfruit Syrup,,,,
Lunar Guar Concentrate,Lunar Guar Concentrate,,,,
Krypto-Stabilizer 532,Krypto-Stabilizer 532,,,,
Glacial Cane Oil,Glacial Cane Oil,,,,
Cyber-Flux 829,Cyber-Flux 829,,,,
Cyber-Flux 479,Cyber-Flux 479,,,,
Pulsar Maple Oil,Pulsar Maple Oil,,,,
Vortex Xanthan Isolate,Vortex Xanthan Isolate,,,,
Nebula Sunflower Syrup,Nebula Sunflower Syrup,,,,
Neuro-Matrix 806,Neuro-Matrix 806,,,,
Solar Maple Isolate,Solar Maple Isolate,0.0,0.0,null,null
Asteroid Whey Protein,Asteroid Whey Protein,0.0,0.0,null,null
Solar Monk Fruit Lecithin,Solar Monk Fruit Lecithin,0.0,0.0,null,null
Cosmic Ginger Powder,Cosmic Ginger Powder,0.0,0.0,null,null
Aura Lychee Gum,Aura Lychee Gum,0.0,0.0,null,null
Martian Pomegranate Oil,Martian Pomegranate Oil,0.0,0.0,null,null
Vortex Acacia Concentrate,Vortex Acacia Concentrate,0.0,0.0,null,null
Zenith Agave Extract,Zenith Agave Extract,0.0,0.0,null,null
HYPER_SYNTHESIZER_501,Hyper-Synthesizer 501,,0.0,,
HYPER_WHEY_ISOLATE,Hyper Whey Isolate,,0.0,,
STELLAR_LAVENDER_EXTRACT,Stellar Lavender Extract,,0.0,,
SOLAR_CHOCOLATE_POWDER,Solar Chocolate Powder,,0.0,,
PLASMA_PISTACHIO_POWDER,Plasma Pistachio Powder,,0.0,,
ASTEROID_HIBISCUS_GUM,Asteroid Hibiscus Gum,,0.0,,
AURA_BASIL_PROTEIN,Aura Basil Protein,,0.0,,
MARTIAN_CHOCOLATE_CONCENTRATE,Martian Chocolate Concentrate,,0.0,,
ING-VOLCANIC-XANTHAN-SYRUP,Volcanic Xanthan Syrup,,,,
ING-GLACIAL-SOY-GUM,Glacial Soy Gum,,,,
ING-STELLAR-PEANUT-CONCENTRATE,Stellar Peanut Concentrate,,,,
ING-ZENITH-SUNFLOWER-POWDER,Zenith Sunflower Powder,,,,
ING-GLACIAL-GINGER-LECITHIN,Glacial Ginger Lecithin,,,,
ING-AURA-STEVIA-LECITHIN,Aura Stevia Lecithin,,,,
ING-NEBULA-STEVIA-PROTEIN,Nebula Stevia Protein,,,,
ING-STELLAR-LAVENDER-EXTRACT,Stellar Lavender Extract,,,,
ING-LUNAR-GUAR-CONCENTRATE,Lunar Guar Concentrate,,,,
ING-PULSAR-ALMOND,Pulsar Almond Powder,,,,
ING-OPAL-WHEY,Opal Whey Powder,,,,
ING-VORTEX-SUNFLOWER,Vortex Sunflower Protein,,,,
ING-XENO-866,Xeno-Isolate-X 866,,,,
ING-LUNAR-LEMON,Lunar Lemon Protein,,,,
ING-MARTIAN-STEVIA-GUM,Martian Stevia Gum,,,,
ING-CYBER-479,Cyber-Flux 479,,,,
ING-NEBULA-STEVIA-PROTEIN,Nebula Stevia Protein,,,,
ING-CYBER-855,Cyber-Flux 855,,,,
zenith_agave_extract,Zenith Agave Extract,,,,
lunar_beet_powder,Lunar Beet Powder,,,,
volcanic_guava_isolate,Volcanic Guava Isolate,,,,
hyper_agave_oil,Hyper Agave Oil,,,,
galactic_acacia_lecithin,Galactic Acacia Lecithin,,,,
aura_basil_protein,Aura Basil Protein,,,,
hyper_chocolate_concentrate,Hyper Chocolate Concentrate,,,,
quantum_maple_syrup,Quantum Maple Syrup,,,,
vortex_maple_oil,Vortex Maple Oil,,,,
Xeno-Isolate-X 866,Xeno-Isolate-X 866,,,,
Xeno-Isolate-X 627,Xeno-Isolate-X 627,,,,
Asteroid Cinnamon Syrup,Asteroid Cinnamon Syrup,,,,
Aura Hibiscus Gum,Aura Hibiscus Gum,,,,
Hyper-Synthesizer 782,Hyper-Synthesizer 782,,,,
Cosmic Acacia Gum,Cosmic Acacia Gum,,,,
Plasma Cinnamon Concentrate,Plasma Cinnamon Concentrate,,,,
Krypto-Stabilizer 532,Krypto-Stabilizer 532,,,,
Glacial Caramel Concentrate,Glacial Caramel Concentrate,,,,
Glacial Cane Extract,Glacial Cane Extract,,,,
nebula_mango_concentrate,Nebula Mango Concentrate,,,,
galactic_guar_syrup,Galactic Guar Syrup,,,,
glacial_ginger_lecithin,Glacial Ginger Lecithin,,,,
cyber_basil_lecithin,Cyber Basil Lecithin,,,,
neuro_matrix_806,Neuro-Matrix 806,,,,
hyper_chocolate_extract,Hyper Chocolate Extract,,,,
cyber_flux_855,Cyber-Flux 855,,,,
cyber_lychee_oil,Cyber Lychee Oil,,,,
plasma_acacia_gum,Plasma Acacia Gum,,,,
solar_monk_fruit_lecithin,Solar Monk Fruit Lecithin,,,,
Glacial Ginger Lecithin,Glacial Ginger Lecithin,,,,
Cyber-Flux 197,Cyber-Flux 197,,,,
Cosmic Caramel Lecithin,Cosmic Caramel Lecithin,,,,
Aura Acai Gum,Aura Acai Gum,,,,
Lunar Sunflower Concentrate,Lunar Sunflower Concentrate,,,,
Krypto-Stabilizer 627,Krypto-Stabilizer 627,,,,
Cosmic Dragonfruit Gum,Cosmic Dragonfruit Gum,,,,
Neuro-Matrix 806,Neuro-Matrix 806,,,,
Martian Chocolate Concentrate,Martian Chocolate Concentrate,,,,
CYB-197,Cyber-Flux 197,,,,
MAR-OAT-EXT,Martian Oat Extract,,,,
GAL-ACA-LEC,Galactic Acacia Lecithin,,,,
AUR-STE-LEC,Aura Stevia Lecithin,,,,
VOL-XAN-SYR,Volcanic Xanthan Syrup,,,,
VOL-SOY-ISO,Volcanic Soy Isolate,,,,
ZEN-SUN-EXT,Zenith Sunflower Extract,,,,
VOL-GUA-ISO,Volcanic Guava Isolate,,,,
AUR-LYC-GUM,Aura Lychee Gum,,,,
AST-STE-PRO,Asteroid Stevia Protein,,,,
HYPER-SYNTHESIZER-679,Hyper-Synthesizer 679,,,,
QUANTUM-ACAI-LECITHIN,Quantum Acai Lecithin,,,,
GLACIAL-CARAMEL-CONCENTRATE,Glacial Caramel Concentrate,,,,
CYBER-FLUX-197,Cyber-Flux 197,,,,
HYPER-AGAVE-OIL,Hyper Agave Oil,,,,
AURA-MAPLE-SYRUP,Aura Maple Syrup,,,,
LUNAR-GUAR-CONCENTRATE,Lunar Guar Concentrate,,,,
NEBULA-STEVIA-OIL,Nebula Stevia Oil,,,,
Aura Fish Syrup,Aura Fish Syrup,,,,
Plasma Basil Oil,Plasma Basil Oil,,,,
Neuro-Matrix 578,Neuro-Matrix 578,,,,
Zenith Agave Extract,Zenith Agave Extract,,,,
Pulsar Vanilla Powder,Pulsar Vanilla Powder,,,,
Solar Cane Protein,Solar Cane Protein,,,,
Cyber-Flux 581,Cyber-Flux 581,,,,
plasma_cinnamon_concentrate,Plasma Cinnamon Concentrate,,,,
volcanic_peanut_protein,Volcanic Peanut Protein,,,,
aura_locust_bean_lecithin,Aura Locust Bean Lecithin,,,,
solar_locust_bean_powder,Solar Locust Bean Powder,,,,
cyber_lychee_oil,Cyber Lychee Oil,,,,
vortex_pistachio_concentrate,Vortex Pistachio Concentrate,,,,
plasma_basil_oil,Plasma Basil Oil,,,,
zenith_chicory_concentrate,Zenith Chicory Concentrate,,,,
bio_flux_691,Bio-Flux 691,,,,
cyber_flux_200,Cyber-Flux 200,,,,
Midnight Base 204,Midnight Base 204,,,,
Pulsar Guar Oil,Pulsar Guar Oil,,,,
Martian Ginger Gum,Martian Ginger Gum,,,,
Lunar Lemon Protein,Lunar Lemon Protein,,,,
Neuro-Matrix 994,Neuro-Matrix 994,,,,
Neuro-Matrix 914,Neuro-Matrix 914,,,,
Aura Acai Gum,Aura Acai Gum,,,,
Galactic Acacia Lecithin,Galactic Acacia Lecithin,,,,
Cyber Acai Gum,Cyber Acai Gum,,,,
Vortex Sunflower Protein,Vortex Sunflower Protein,,,,
Cyber Guava Powder,Cyber Guava Powder,,,,
Cosmic Acacia Gum,Cosmic Acacia Gum,,,,
Asteroid Vanilla Gum,Asteroid Vanilla Gum,,,,
Vortex Sunflower Protein,Vortex Sunflower Protein,,,,
Hyper Chicory Isolate,Hyper Chicory Isolate,,,,
Aura Acai Gum,Aura Acai Gum,,,,
Solar Monk Fruit Lecithin,Solar Monk Fruit Lecithin,,,,
Nebula Passionfruit Lecithin,Nebula Passionfruit Lecithin,,,,
Opal Maple Gum,Opal Maple Gum,,,,
Cosmic Xanthan Lecithin,Cosmic Xanthan Lecithin,,,,
Galactic-Lychee-Lecithin,Galactic Lychee Lecithin,,,,
Hyper-Vanilla-Oil,Hyper Vanilla Oil,,,,
Xeno-Isolate-X-866,Xeno-Isolate-X 866,,,,
Krypto-Stabilizer-532,Krypto-Stabilizer 532,,,,
Cyber-Lychee-Oil,Cyber Lychee Oil,,,,
Nebula-Stevia-Protein,Nebula Stevia Protein,,,,
Aura-Cinnamon-Extract,Aura Cinnamon Extract,,,,
Cosmic Xanthan Lecithin,Cosmic Xanthan Lecithin,,,,
Galactic Lavender Oil,Galactic Lavender Oil,,,,
Aura Basil Protein,Aura Basil Protein,,,,
Hyper Chicory Isolate,Hyper Chicory Isolate,,,,
Aura Acai Gum,Aura Acai Gum,,,,
Lunar Locust Bean Gum,Lunar Locust Bean Gum,,,,
Vortex Acacia Lecithin,Vortex Acacia Lecithin,,,,
Hyper Chocolate Extract,Hyper Chocolate Extract,,,,
Plasma Cane Powder,Plasma Cane Powder,,,,
martian-basil-concentrate,Martian Basil Concentrate,,,,
cyber-flux-479,Cyber-Flux 479,,,,
stellar-lavender-extract,Stellar Lavender Extract,,,,
solar-chicory-gum,Solar Chicory Gum,,,,
plasma-cane-powder,Plasma Cane Powder,,,,
pulsar-vanilla-powder,Pulsar Vanilla Powder,,,,
volcanic-acacia-extract,Volcanic Acacia Extract,,,,
aura-hibiscus-protein,Aura Hibiscus Protein,,,,
pulsar-guar-oil,Pulsar Guar Oil,,,,
volcanic-guava-isolate,Volcanic Guava Isolate,,,,
AURA-LYCHEE-GUM,Aura Lychee Gum,,,,
PULSAR-CANE-POWDER,Pulsar Cane Powder,,,,
SOLAR-MONK-FRUIT-LECITHIN,Solar Monk Fruit Lecithin,,,,
VORTEX-ACACIA-CONCENTRATE,Vortex Acacia Concentrate,,,,
NEBULA-PASSIONFRUIT-SYRUP,Nebula Passionfruit Syrup,,,,
ASTEROID-BASIL-LECITHIN,Asteroid Basil Lecithin,,,,
CYBER-ACAI-GUM,Cyber Acai Gum,,,,
SOLAR-CHICORY-GUM,Solar Chicory Gum,,,,
PLASMA-BASIL-OIL,Plasma Basil Oil,,,,
COSMIC-XANTHAN-LECITHIN,Cosmic Xanthan Lecithin,,,,
Pulsar Sesame Lecithin,Pulsar Sesame Lecithin,,,,
Asteroid Basil Lecithin,Asteroid Basil Lecithin,,,,
Xeno-Isolate-X 866,Xeno-Isolate-X 866,,,,
Glacial Sunflower Lecithin,Glacial Sunflower Lecithin,,,,
Stellar Xanthan Syrup,Stellar Xanthan Syrup,,,,
Hyper-Synthesizer 914,Hyper-Synthesizer 914,,,,
Cyber-Flux 200,Cyber-Flux 200,,,,
Aura Caramel Extract,Aura Caramel Extract,,,,
Aura Acai Gum,Aura Acai Gum,,,,
Krypto-Stabilizer 407,Krypto-Stabilizer 407,,,,
Neuro-Matrix-703,Neuro-Matrix 703,,,,
Vortex-Passionfruit-Syrup,Vortex Passionfruit Syrup,,,,
Opal-Caramel-Extract,Opal Caramel Extract,,,,
Solar-Maple-Isolate,Solar Maple Isolate,,,,
Nebula-Cinnamon-Isolate,Nebula Cinnamon Isolate,,,,
Aura-Cinnamon-Extract,Aura Cinnamon Extract,,,,
Lunar-Sunflower-Concentrate,Lunar Sunflower Concentrate,,,,
Stellar-Lemon-Isolate,Stellar Lemon Isolate,,,,
Pulsar-Basil-Isolate,Pulsar Basil Isolate,,,,
Plasma-Basil-Oil,Plasma Basil Oil,,,,
CAS-VORTEX-PISTACHIO,Vortex Pistachio Concentrate,,,,
CAS-ASTEROID-WHEY,Asteroid Whey Protein,,,,
CAS-HYPER-ACACIA,Hyper Acacia Extract,,,,
CAS-HYPER-CHOCOLATE,Hyper Chocolate Extract,,,,
CAS-LUNAR-GUAR,Lunar Guar Concentrate,,,,
CAS-QUANTUM-MAPLE,Quantum Maple Syrup,,,,
CAS-COMET-ALMOND,Comet Almond Syrup,,,,
CAS-KRYPTO-STABILIZER-660,Krypto-Stabilizer 660,,,,
CAS-PLASMA-LOCUST-BEAN,Plasma Locust Bean Protein,,,,
CAS-CYBER-FLUX-581,Cyber-Flux 581,,,,
CAS-ASTEROID-CHOC-ISOLATE,Asteroid Chocolate Isolate,,,,
Cyber Acai Gum,Cyber Acai Gum,,,,
Martian Basil Concentrate,Martian Basil Concentrate,,,,
Aura Maple Syrup,Aura Maple Syrup,,,,
Hyper-Synthesizer 782,Hyper-Synthesizer 782,,,,
Vortex Acacia Concentrate,Vortex Acacia Concentrate,,,,
Galactic Lemon Syrup,Galactic Lemon Syrup,,,,
Vortex Passionfruit Syrup,Vortex Passionfruit Syrup,,,,
Zenith Sunflower Powder,Zenith Sunflower Powder,,,,
Solar Maple Isolate,Solar Maple Isolate,,,,
Neuro-Matrix 578,Neuro-Matrix 578,,,,
Cyber-Flux 479,Cyber-Flux 479,,,,
Krypto-Stabilizer 660,Krypto-Stabilizer 660,,,,
Hyper-Synthesizer 782,Hyper-Synthesizer 782,,,,
Galactic Lemon Syrup,Galactic Lemon Syrup,,,,
Lunar Beet Powder,Lunar Beet Powder,,,,
Cyber Guava Powder,Cyber Guava Powder,,,,
Glacial Cane Oil,Glacial Cane Oil,,,,
Cyber-Flux 197,Cyber-Flux 197,,,,
Solar Chocolate Powder,Solar Chocolate Powder,,,,
Aura-Basil-Protein,Aura Basil Protein,,,,
Cyber-Acai-Powder,Cyber Acai Powder,,,,
Hyper-Passionfruit-Lecithin,Hyper Passionfruit Lecithin,,,,
Quantum-Pomegranate-Powder,Quantum Pomegranate Powder,,,,
Cyber-Flux-479,Cyber-Flux 479,,,,
Comet-Acai-Syrup,Comet Acai Syrup,,,,
Nebula-Passionfruit-Lecithin,Nebula Passionfruit Lecithin,,,,
Aura-Locust-Bean-Lecithin,Aura Locust Bean Lecithin,,,,
Cyber-Flux-855,Cyber-Flux 855,,,,
Pulsar-Vanilla-Powder,Pulsar Vanilla Powder,,,,
asteroid-basil-concentrate,Asteroid Basil Concentrate,,,,
neuro-matrix-578,Neuro-Matrix 578,,,,
neuro-matrix-131,Neuro-Matrix 131,,,,
lunar-beet-powder,Lunar Beet Powder,,,,
hyper-chicory-isolate,Hyper Chicory Isolate,,,,
vortex-xanthan-isolate,Vortex Xanthan Isolate,,,,
aura-hibiscus-protein,Aura Hibiscus Protein,,,,
hyper-synthesizer-914,Hyper-Synthesizer 914,,,,
volcanic-acacia-extract,Volcanic Acacia Extract,,,,
Comet Almond Powder,Comet Almond Powder,,,,
Quantum Pomegranate Powder,Quantum Pomegranate Powder,,,,
Aura Lavender Lecithin,Aura Lavender Lecithin,,,,
Solar Cane Protein,Solar Cane Protein,,,,
Hyper Vanilla Oil,Hyper Vanilla Oil,,,,
Pulsar Vanilla Powder,Pulsar Vanilla Powder,,,,
Stellar Lemon Isolate,Stellar Lemon Isolate,,,,
Bio-Flux-691,Bio-Flux 691,,,,
Vortex-Hibiscus-Extract,Vortex Hibiscus Extract,,,,
Galactic-Lavender-Oil,Galactic Lavender Oil,,,,
Neuro-Matrix-806,Neuro-Matrix 806,,,,
Glacial-Ginger-Lecithin,Glacial Ginger Lecithin,,,,
Cyber-Acai-Gum,Cyber Acai Gum,,,,
Hyper-Chicory-Isolate,Hyper Chicory Isolate,,,,
Stellar-Cinnamon-Oil,Stellar Cinnamon Oil,,,,
Krypto-Stabilizer-407,Krypto-Stabilizer 407,,,,
LUNAR-LOCUST-BEAN-GUM,Lunar Locust Bean Gum,,,,
GLACIAL-SUNFLOWER-LECITHIN,Glacial Sunflower Lecithin,,,,
PLASMA-CANE-POWDER,Plasma Cane Powder,,,,
CYBER-FLUX-479,Cyber-Flux 479,,,,
ASTEROID-STEVIA-PROTEIN,Asteroid Stevia Protein,,,,
CYBER-FLUX-829,Cyber-Flux 829,,,,
PLASMA-CINNAMON-CONCENTRATE,Plasma Cinnamon Concentrate,,,,
pulsar-basil-isolate,Pulsar Basil Isolate,,,,
plasma-almond-extract,Plasma Almond Extract,,,,
martian-soy-powder,Martian Soy Powder,,,,
martian-barley-powder,Martian Barley Powder,,,,
hyper-whey-isolate,Hyper Whey Isolate,,,,
cyber-basil-lecithin,Cyber Basil Lecithin,,,,
cosmic-cinnamon-oil,Cosmic Cinnamon Oil,,,,
opal-beet-concentrate,Opal Beet Concentrate,,,,
opal-agave-isolate,Opal Agave Isolate,,,,
hyper-chocolate-extract,Hyper Chocolate Extract,,,,
hyper-synthesizer-914,Hyper-Synthesizer 914,,,,
Vortex Hibiscus Extract,Vortex Hibiscus Extract,,,,
Vortex Soy Isolate,Vortex Soy Isolate,,,,
Stellar Lemon Isolate,Stellar Lemon Isolate,,,,
Plasma Cane Powder,Plasma Cane Powder,,,,
Plasma Locust Bean Protein,Plasma Locust Bean Protein,,,,
Bio-Flux 691,Bio-Flux 691,,,,
Aura Locust Bean Lecithin,Aura Locust Bean Lecithin,,,,
Asteroid Vanilla Gum,Asteroid Vanilla Gum,,,,
Martian Stevia Gum,Martian Stevia Gum,,,,
Nebula Passionfruit Syrup,Nebula Passionfruit Syrup,,,,
CAS-OPAL-AGAVE,Opal Agave Isolate,,,,
CAS-STELLAR-SOY,Stellar Soy Extract,,,,
CAS-LUNAR-LBG,Lunar Locust Bean Gum,,,,
CAS-GAL-LAVENDER,Galactic Lavender Oil,,,,
CAS-MARTIAN-ALMOND,Martian Almond Protein,,,,
CAS-ASTEROID-WHEY,Asteroid Whey Protein,,,,
CAS-VORTEX-PASSION,Vortex Passionfruit Syrup,,,,
ING-HYPER-AGAVE-OIL,Hyper Agave Oil,,,,
ING-PULSAR-WHEAT-ISOLATE,Pulsar Wheat Isolate,,,,
ING-GLACIAL-SUNFLOWER-LECITHIN,Glacial Sunflower Lecithin,,,,
ING-SOLAR-CANE-PROTEIN,Solar Cane Protein,,,,
ING-AURA-HIBISCUS-GUM,Aura Hibiscus Gum,,,,
ING-GALACTIC-LAVENDER-OIL,Galactic Lavender Oil,,,,
ING-PLASMA-CASHEW-CONCENTRATE,Plasma Cashew Concentrate,,,,
ING-ASTEROID-CINNAMON-SYRUP,Asteroid Cinnamon Syrup,,,,
ING-PLASMA-ISOLATE-X-590,Plasma-Isolate-X 590,,,,
ING-PULSAR-AGAVE-EXTRACT,Pulsar Agave Extract,,,,
ING-LUNAR-GUAR-CONCENTRATE,Lunar Guar Concentrate,,,,
lunar_sesame_oil,Lunar Sesame Oil,,,,
nebula_almond_extract,Nebula Almond Extract,,,,
pulsar_maple_oil,Pulsar Maple Oil,,,,
vortex_passionfruit_syrup,Vortex Passionfruit Syrup,,,,
asteroid_basil_lecithin,Asteroid Basil Lecithin,,,,
hyper_passionfruit_lecithin,Hyper Passionfruit Lecithin,,,,
pulsar_sunflower_isolate,Pulsar Sunflower Isolate,,,,
cyber_acai_gum,Cyber Acai Gum,,,,
Cosmic Caramel Lecithin,Cosmic Caramel Lecithin,,,,
Cyber Soy Protein,Cyber Soy Protein,,,,
Asteroid Whey Protein,Asteroid Whey Protein,,,,
Asteroid Cinnamon Syrup,Asteroid Cinnamon Syrup,,,,
Quantum Maple Syrup,Quantum Maple Syrup,,,,
Neuro-Matrix 578,Neuro-Matrix 578,,,,
Hyper Chocolate Extract,Hyper Chocolate Extract,,,,
Aura Hibiscus Protein,Aura Hibiscus Protein,,,,
ING-STELLAR-CASHEW-PROTEIN,Stellar Cashew Protein,,,,
ING-STELLAR-PEANUT-CONCENTRATE,Stellar Peanut Concentrate,,,,
ING-CYBER-BASIL-LECITHIN,Cyber Basil Lecithin,,,,
ING-HYPER-CHOCOLATE-EXTRACT,Hyper Chocolate Extract,,,,
ING-NEBULA-CINNAMON-ISOLATE,Nebula Cinnamon Isolate,,,,
ING-CYBER-ACAI-GUM,Cyber Acai Gum,,,,
ING-SOLAR-LOCUST-BEAN-POWDER,Solar Locust Bean Powder,,,,
ING-PULSAR-MAPLE-OIL,Pulsar Maple Oil,,,,
ING-MARTIAN-BASIL-CONCENTRATE,Martian Basil Concentrate,,,,
Midnight Base 204,Midnight Base 204,,,,
Plasma Basil Oil,Plasma Basil Oil,,,,
Lunar Chocolate Oil,Lunar Chocolate Oil,,,,
Martian Chocolate Concentrate,Martian Chocolate Concentrate,,,,
Asteroid Whey Protein,Asteroid Whey Protein,,,,
Aura Hibiscus Protein,Aura Hibiscus Protein,,,,
Cyber-Flux 479,Cyber-Flux 479,,,,
Pulsar Vanilla Powder,Pulsar Vanilla Powder,,,,
Opal Caramel Extract,Opal Caramel Extract,0.0,0.0,N/A,N/A
Plasma Almond Extract,Plasma Almond Extract,0.0,0.0,N/A,N/A
Vortex Soy Extract,Vortex Soy Extract,0.0,0.0,N/A,N/A
Zenith Agave Extract,Zenith Agave Extract,0.0,0.0,N/A,N/A
Galactic Lychee Lecithin,Galactic Lychee Lecithin,0.0,0.0,N/A,N/A
Cosmic Acacia Gum,Cosmic Acacia Gum,0.0,0.0,N/A,N/A
Aura Lavender Lecithin,Aura Lavender Lecithin,0.0,0.0,N/A,N/A
Opal Beet Concentrate,Opal Beet Concentrate,,,,
Vortex Passionfruit Syrup,Vortex Passionfruit Syrup,,,,
Zenith Agave Extract,Zenith Agave Extract,,,,
Galactic Guar Syrup,Galactic Guar Syrup,,,,
Aura Whey Extract,Aura Whey Extract,,,,
Plasma Cinnamon Concentrate,Plasma Cinnamon Concentrate,,,,
Cyber Chocolate Syrup,Cyber Chocolate Syrup,,,,
martian_crustacean_extract,Martian Crustacean Extract,,,,
midnight_base_204,Midnight Base 204,,,,
volcanic_barley_extract,Volcanic Barley Extract,,,,
hyper_chocolate_extract,Hyper Chocolate Extract,,,,
asteroid_hibiscus_gum,Asteroid Hibiscus Gum,,,,
vortex_xanthan_isolate,Vortex Xanthan Isolate,,,,
krypto_stabilizer_660,Krypto-Stabilizer 660,,,,
lunar_sunflower_concentrate,Lunar Sunflower Concentrate,,,,
solar_chocolate_powder,Solar Chocolate Powder,,,,
PLASMA-CASHEW-CONCENTRATE,Plasma Cashew Concentrate,,,,
PULSAR-WHEAT-ISOLATE,Pulsar Wheat Isolate,,,,
COSMIC-XANTHAN-LECITHIN,Cosmic Xanthan Lecithin,,,,
PULSAR-VANILLA-POWDER,Pulsar Vanilla Powder,,,,
ZENITH-CHICORY-CONCENTRATE,Zenith Chicory Concentrate,,,,
ASTEROID-BASIL-CONCENTRATE,Asteroid Basil Concentrate,,,,
STELLAR-XANTHAN-SYRUP,Stellar Xanthan Syrup,,,,
galactic-acacia-lecithin,Galactic Acacia Lecithin,,,,
hyper-cashew-powder,Hyper Cashew Powder,,,,
quantum-vanilla-concentrate,Quantum Vanilla Concentrate,,,,
plasma-acacia-gum,Plasma Acacia Gum,,,,
cosmic-ginger-powder,Cosmic Ginger Powder,,,,
plasma-cane-powder,Plasma Cane Powder,,,,
hyper-acacia-extract,Hyper Acacia Extract,,,,
aura-caramel-extract,Aura Caramel Extract,,,,
opal-agave-isolate,Opal Agave Isolate,,,,
zenith-sunflower-powder,Zenith Sunflower Powder,,,,
Neuro-Matrix 131,Neuro-Matrix 131,,,,
Cyber Basil Lecithin,Cyber Basil Lecithin,,,,
Lunar Beet Powder,Lunar Beet Powder,,,,
Asteroid Cinnamon Syrup,Asteroid Cinnamon Syrup,,,,
Vortex Xanthan Isolate,Vortex Xanthan Isolate,,,,
Asteroid Basil Concentrate,Asteroid Basil Concentrate,,,,
Asteroid Hibiscus Gum,Asteroid Hibiscus Gum,,,,
Opal Agave Isolate,Opal Agave Isolate,,,,
Aura Stevia Lecithin,Aura Stevia Lecithin,,,,
Cyber-Flux 197,Cyber-Flux 197,,,,
Asteroid Stevia Protein,Asteroid Stevia Protein,,,,
asteroid-whey-protein,Asteroid Whey Protein,,,,
hyper-whey-isolate,Hyper Whey Isolate,,,,
aura-locust-bean-lecithin,Aura Locust Bean Lecithin,,,,
vortex-acacia-lecithin,Vortex Acacia Lecithin,,,,
hyper-oat-gum,Hyper Oat Gum,,,,
lunar-chocolate-oil,Lunar Chocolate Oil,,,,
pulsar-maple-oil,Pulsar Maple Oil,,,,
Krypto-Stabilizer 471,Krypto-Stabilizer 471,,,,
Opal Whey Powder,Opal Whey Powder,,,,
Vortex Xanthan Isolate,Vortex Xanthan Isolate,,,,
Cyber-Flux 200,Cyber-Flux 200,,,,
Galactic Soy Isolate,Galactic Soy Isolate,,,,
Martian Egg Isolate,Martian Egg Isolate,,,,
Plasma Locust Bean Protein,Plasma Locust Bean Protein,,,,
stellar_cinnamon_oil,Stellar Cinnamon Oil,100.0,0.0,N/A,N/A
galactic_soy_isolate,Galactic Soy Isolate,100.0,0.0,N/A,N/A
hyper_whey_isolate,Hyper Whey Isolate,100.0,0.0,N/A,N/A
aura_peanut_powder,Aura Peanut Powder,100.0,0.0,N/A,N/A
quantum_acai_lecithin,Quantum Acai Lecithin,100.0,0.0,N/A,N/A
aura_stevia_lecithin,Aura Stevia Lecithin,100.0,0.0,N/A,N/A
pulsar_basil_isolate,Pulsar Basil Isolate,100.0,0.0,N/A,N/A
asteroid_vanilla_gum,Asteroid Vanilla Gum,100.0,0.0,N/A,N/A
glacial_caramel_concentrate,Glacial Caramel Concentrate,100.0,0.0,N/A,N/A
galactic_lemon_syrup,Galactic Lemon Syrup,,,,
cyber_flux_829,Cyber-Flux 829,,,,
cyber_basil_lecithin,Cyber Basil Lecithin,,,,
hyper_vanilla_oil,Hyper Vanilla Oil,,,,
plasma_isolate_x_590,Plasma-Isolate-X 590,,,,
hyper_chocolate_extract,Hyper Chocolate Extract,,,,
asteroid_basil_lecithin,Asteroid Basil Lecithin,,,,
cosmic_caramel_lecithin,Cosmic Caramel Lecithin,,,,
ING-ZENITH-CASHEW-PROTEIN,Zenith Cashew Protein,,,,
ING-MARTIAN-PEANUT-LECITHIN,Martian Peanut Lecithin,,,,
ING-LUNAR-BEET-POWDER,Lunar Beet Powder,,,,
ING-OPAL-CARAMEL-EXTRACT,Opal Caramel Extract,,,,
ING-AURA-STEVIA-LECITHIN,Aura Stevia Lecithin,,,,
ING-AURA-LYCHEE-GUM,Aura Lychee Gum,,,,
ING-PULSAR-BASIL-ISOLATE,Pulsar Basil Isolate,,,,
ING-CYBER-FLUX-197,Cyber-Flux 197,,,,
ING-VORTEX-SUNFLOWER-PROTEIN,Vortex Sunflower Protein,,,,
asteroid-cinnamon-syrup,Asteroid Cinnamon Syrup,,,,
neuro-matrix-914,Neuro-Matrix 914,,,,
plasma-monk-fruit-isolate,Plasma Monk Fruit Isolate,,,,
zenith-chicory-concentrate,Zenith Chicory Concentrate,,,,
pulsar-wheat-isolate,Pulsar Wheat Isolate,,,,
quantum-pomegranate-powder,Quantum Pomegranate Powder,,,,
cosmic-cinnamon-oil,Cosmic Cinnamon Oil,,,,
quantum_vanilla_concentrate,Quantum Vanilla Concentrate,,,,
quantum_soy_protein,Quantum Soy Protein,,,,
volcanic_peanut_protein,Volcanic Peanut Protein,,,,
neuro_matrix_806,Neuro-Matrix 806,,,,
solar_monk_fruit_lecithin,Solar Monk Fruit Lecithin,,,,
krypto_stabilizer_407,Krypto-Stabilizer 407,,,,
galactic_guar_syrup,Galactic Guar Syrup,,,,
nebula_stevia_protein,Nebula Stevia Protein,,,,
vortex_soy_isolate,Vortex Soy Isolate,,,,
vortex_sunflower_protein,Vortex Sunflower Protein,,,,
asteroid_vanilla_gum,Asteroid Vanilla Gum,,,,
aura_lychee_gum,Aura Lychee Gum,,,,
stellar_xanthan_syrup,Stellar Xanthan Syrup,,,,
quantum_acai_lecithin,Quantum Acai Lecithin,,,,
opal_caramel_extract,Opal Caramel Extract,,,,
aura_acai_gum,Aura Acai Gum,,,,
plasma_locust_bean_protein,Plasma Locust Bean Protein,,,,
Volcanic Soy Isolate,Volcanic Soy Isolate,,,,
Comet Acai Syrup,Comet Acai Syrup,,,,
Lunar Lemon Protein,Lunar Lemon Protein,,,,
Asteroid Hibiscus Gum,Asteroid Hibiscus Gum,,,,
Hyper Passionfruit Lecithin,Hyper Passionfruit Lecithin,,,,
Neuro-Matrix 994,Neuro-Matrix 994,,,,
Cosmic Ginger Powder,Cosmic Ginger Powder,,,,
Opal Maple Gum,Opal Maple Gum,,,,
cosmic-whey-extract,Cosmic Whey Extract,,,,
nebula-passionfruit-syrup,Nebula Passionfruit Syrup,,,,
quantum-pomegranate-powder,Quantum Pomegranate Powder,,,,
aura-locust-bean-lecithin,Aura Locust Bean Lecithin,,,,
plasma-acacia-gum,Plasma Acacia Gum,,,,
lunar-chocolate-oil,Lunar Chocolate Oil,,,,
glacial-cane-oil,Glacial Cane Oil,,,,
asteroid-chocolate-isolate,Asteroid Chocolate Isolate,,,,
plasma-locust-bean-protein,Plasma Locust Bean Protein,,,,
Glacial-Almond-Powder,Glacial Almond Powder,,,,
Cyber-Soy-Protein,Cyber Soy Protein,,,,
Opal-Agave-Isolate,Opal Agave Isolate,,,,
Cosmic-Dragonfruit-Gum,Cosmic Dragonfruit Gum,,,,
Neuro-Matrix-131,Neuro-Matrix 131,,,,
Vortex-Hibiscus-Extract,Vortex Hibiscus Extract,,,,
Cyber-Flux-855,Cyber-Flux 855,,,,
PULSAR-AGAVE-EXTRACT,Pulsar Agave Extract,,,,
MARTIAN-OAT-EXTRACT,Martian Oat Extract,,,,
ASTEROID-WHEY-PROTEIN,Asteroid Whey Protein,,,,
HYPER-CHOCOLATE-CONCENTRATE,Hyper Chocolate Concentrate,,,,
HYPER-PASSIONFRUIT-LECITHIN,Hyper Passionfruit Lecithin,,,,
LUNAR-MONK-FRUIT-LECITHIN,Lunar Monk Fruit Lecithin,,,,
OPAL-BEET-CONCENTRATE,Opal Beet Concentrate,,,,
NEBULA-STEVIA-PROTEIN,Nebula Stevia Protein,,,,
HYPER-WHEY-ISOLATE,Hyper Whey Isolate,,,,
MARTIAN-ALMOND-PROTEIN,Martian Almond Protein,,,,
PULSAR-WHEAT-ISOLATE,Pulsar Wheat Isolate,,,,
HYPER-SYNTHESIZER-914,Hyper-Synthesizer 914,,,,
CYBER-ACAI-GUM,Cyber Acai Gum,,,,
SOLAR-MAPLE-ISOLATE,Solar Maple Isolate,,,,
NEBULA-PASSIONFRUIT-LECITHIN,Nebula Passionfruit Lecithin,,,,
martian-soy-powder,Martian Soy Powder,,,,
plasma-cashew-concentrate,Plasma Cashew Concentrate,,,,
vortex-soy-isolate,Vortex Soy Isolate,,,,
cosmic-oat-powder,Cosmic Oat Powder,,,,
cosmic-whey-extract,Cosmic Whey Extract,,,,
glacial-cane-extract,Glacial Cane Extract,,,,
solar-monk-fruit-lecithin,Solar Monk Fruit Lecithin,,,,
lunar-lemon-protein,Lunar Lemon Protein,,,,
pulsar-agave-extract,Pulsar Agave Extract,,,,
zenith-dragonfruit-powder,Zenith Dragonfruit Powder,,,,
stellar-lavender-extract,Stellar Lavender Extract,,,,
martian-stevia-gum,Martian Stevia Gum,,,,
vortex-acacia-lecithin,Vortex Acacia Lecithin,,,,
cyber-flux-479,Cyber-Flux 479,,,,
cosmic-cinnamon-oil,Cosmic Cinnamon Oil,,,,
lunar-monk-fruit-lecithin,Lunar Monk Fruit Lecithin,,,,
lunar-guar-concentrate,Lunar Guar Concentrate,,,,
Opal-Whey-Powder,Opal Whey Powder,,,,
Martian-Almond-Protein,Martian Almond Protein,,,,
Volcanic-Soy-Isolate,Volcanic Soy Isolate,,,,
Neuro-Matrix-914,Neuro-Matrix 914,,,,
Solar-Maple-Isolate,Solar Maple Isolate,,,,
Cyber-Acai-Gum,Cyber Acai Gum,,,,
Plasma-Isolate-X-590,Plasma-Isolate-X 590,,,,
Asteroid-Maple-Gum,Asteroid Maple Gum,,,,
Hyper-Acacia-Extract,Hyper Acacia Extract,,,,
Solar-Stevia-Gum,Solar Stevia Gum,,,,
pulsar-wheat-isolate,Pulsar Wheat Isolate,,,,
cyber-soy-protein,Cyber Soy Protein,,,,
asteroid-stevia-protein,Asteroid Stevia Protein,,,,
galactic-guar-syrup,Galactic Guar Syrup,,,,
opal-pistachio-powder,Opal Pistachio Powder,,,,
nebula-stevia-oil,Nebula Stevia Oil,,,,
martian-ginger-gum,Martian Ginger Gum,,,,
aura-crustacean-isolate,Aura Crustacean Isolate,,,,
comet-almond-syrup,Comet Almond Syrup,,,,
plasma-cinnamon-concentrate,Plasma Cinnamon Concentrate,,,,
cosmic-xanthan-lecithin,Cosmic Xanthan Lecithin,,,,
martian-basil-concentrate,Martian Basil Concentrate,,,,
pulsar-basil-isolate,Pulsar Basil Isolate,,,,
pulsar-guar-oil,Pulsar Guar Oil,,,,
comet-egg-oil,Comet Egg Oil,,,,
hyper-whey-isolate,Hyper Whey Isolate,,,,
lunar-lemon-protein,Lunar Lemon Protein,,,,
lunar-guar-concentrate,Lunar Guar Concentrate,,,,
hyper-synthesizer-501,Hyper-Synthesizer 501,,,,
solar-stevia-gum,Solar Stevia Gum,,,,
cosmic-locust-bean-concentrate,Cosmic Locust Bean Concentrate,,,,
zenith-sunflower-extract,Zenith Sunflower Extract,,,,
cosmic-xanthan-lecithin,Cosmic Xanthan Lecithin,,,,
cyber-chocolate-syrup,Cyber Chocolate Syrup,,,,
comet-almond-syrup,Comet Almond Syrup,,,,
stellar-soy-extract,Stellar Soy Extract,,,,
stellar-peanut-concentrate,Stellar Peanut Concentrate,,,,
cosmic-acacia-gum,Cosmic Acacia Gum,,,,
hyper-synthesizer-914,Hyper-Synthesizer 914,,,,
aura-locust-bean-lecithin,Aura Locust Bean Lecithin,,,,
asteroid-hibiscus-gum,Asteroid Hibiscus Gum,,,,
cyber-acai-gum,Cyber Acai Gum,,,,
plasma-locust-bean-protein,Plasma Locust Bean Protein,,,,
Neuro-Matrix 994,Neuro-Matrix 994,0.0,0.0,null,null
Hyper-Synthesizer 501,Hyper-Synthesizer 501,0.0,0.0,null,null
Plasma-Isolate-X 590,Plasma-Isolate-X 590,0.0,0.0,null,null
Cyber-Flux 829,Cyber-Flux 829,0.0,0.0,null,null
Lunar Guar Concentrate,Lunar Guar Concentrate,0.0,0.0,null,null
Solar Chicory Gum,Solar Chicory Gum,0.0,0.0,null,null
Quantum Soy Protein,Quantum Soy Protein,0.0,0.0,null,null
Galactic Lavender Oil,Galactic Lavender Oil,0.0,0.0,null,null
Hyper Agave Oil,Hyper Agave Oil,0.0,0.0,null,null
Lunar Locust Bean Gum,Lunar Locust Bean Gum,0.0,0.0,null,null
Solar Maple Isolate,Solar Maple Isolate,0.0,0.0,null,null
vortex-soy-extract,Vortex Soy Extract,,,,
comet-almond-syrup,Comet Almond Syrup,,,,
galactic-acacia-lecithin,Galactic Acacia Lecithin,,,,
volcanic-xanthan-extract,Volcanic Xanthan Extract,,,,
hyper-agave-oil,Hyper Agave Oil,,,,
hyper-acacia-extract,Hyper Acacia Extract,,,,
opal-agave-isolate,Opal Agave Isolate,,,,
Aura Oat Lecithin,Aura Oat Lecithin,,,,
Vortex Oat Gum,Vortex Oat Gum,,,,
Cosmic Whey Extract,Cosmic Whey Extract,,,,
Nebula Stevia Protein,Nebula Stevia Protein,,,,
Zenith Chicory Concentrate,Zenith Chicory Concentrate,,,,
Hyper-Synthesizer 914,Hyper-Synthesizer 914,,,,
Neuro-Matrix 994,Neuro-Matrix 994,,,,
Aura Maple Syrup,Aura Maple Syrup,,,,
PLASMA_ALMOND_EXTRACT,Plasma Almond Extract,,,,
GLACIAL_SOY_GUM,Glacial Soy Gum,,,,
HYPER_OAT_GUM,Hyper Oat Gum,,,,
COMET_EGG_OIL,Comet Egg Oil,,,,
LUNAR_LEMON_PROTEIN,Lunar Lemon Protein,,,,
MARTIAN_POMEGRANATE_OIL,Martian Pomegranate Oil,,,,
HYPER_CHOCOLATE_CONCENTRATE,Hyper Chocolate Concentrate,,,,
PULSAR_SUNFLOWER_ISOLATE,Pulsar Sunflower Isolate,,,,
comet-fish-oil,Comet Fish Oil,,,,
cosmic-peanut-gum,Cosmic Peanut Gum,,,,
hyper-vanilla-oil,Hyper Vanilla Oil,,,,
cyber-acai-gum,Cyber Acai Gum,,,,
zenith-sunflower-powder,Zenith Sunflower Powder,,,,
cyber-flux-200,Cyber-Flux 200,,,,
hyper-oat-gum,Hyper Oat Gum,,,,
opal-agave-isolate,Opal Agave Isolate,,,,
plasma-cinnamon-concentrate,Plasma Cinnamon Concentrate,,,,
lunar-lemon-protein,Lunar Lemon Protein,,,,
pulsar-vanilla-powder,Pulsar Vanilla Powder,,,,
Glacial Wheat Concentrate,Glacial Wheat Concentrate,,,,
Quantum Pomegranate Powder,Quantum Pomegranate Powder,,,,
Aura Maple Syrup,Aura Maple Syrup,,,,
Cyber Guava Powder,Cyber Guava Powder,,,,
Vortex Maple Oil,Vortex Maple Oil,,,,
Hyper Chocolate Concentrate,Hyper Chocolate Concentrate,,,,
Aura Locust Bean Lecithin,Aura Locust Bean Lecithin,,,,
Zenith Agave Extract,Zenith Agave Extract,,,,
Galactic Lemon Syrup,Galactic Lemon Syrup,,,,
Aura Whey Extract,Aura Whey Extract,98.0,6.5,6.0-6.8,0.45-0.55
Krypto-Stabilizer 627,Krypto-Stabilizer 627,99.5,4.0,7.0-8.5,0.85-0.95
Krypto-Stabilizer 660,Krypto-Stabilizer 660,99.5,3.5,7.0-8.5,0.88-0.98
Martian Chocolate Concentrate,Martian Chocolate Concentrate,100.0,45.0,5.2-5.8,1.25-1.35
Vortex Sunflower Protein,Vortex Sunflower Protein,90.0,8.0,6.5-7.5,0.40-0.50
Zenith Agave Extract,Zenith Agave Extract,100.0,25.0,4.0-5.0,1.30-1.40
Martian Ginger Gum,Martian Ginger Gum,95.0,10.0,5.5-6.5,0.60-0.70
Pulsar Cane Powder,Pulsar Cane Powder,99.9,0.05,6.5-7.5,0.80-0.90
plasma-pistachio-powder,Plasma Pistachio Powder,,,,
vortex-sunflower-protein,Vortex Sunflower Protein,,,,
solar-cane-protein,Solar Cane Protein,,,,
cosmic-ginger-powder,Cosmic Ginger Powder,,,,
krypto-stabilizer-532,Krypto-Stabilizer 532,,,,
glacial-ginger-lecithin,Glacial Ginger Lecithin,,,,
aura-basil-protein,Aura Basil Protein,,,,
Martian Barley Powder,Martian Barley Powder,,,,
Vortex Soy Isolate,Vortex Soy Isolate,,,,
Hyper Oat Gum,Hyper Oat Gum,,,,
Galactic Guar Syrup,Galactic Guar Syrup,,,,
Cyber Basil Lecithin,Cyber Basil Lecithin,,,,
Cyber-Flux 855,Cyber-Flux 855,,,,
Lunar Beet Powder,Lunar Beet Powder,,,,
Cosmic Caramel Lecithin,Cosmic Caramel Lecithin,,,,
Lunar Monk Fruit Lecithin,Lunar Monk Fruit Lecithin,,,,
Hyper-Synthesizer 914,Hyper-Synthesizer 914,,,,
Glacial Soy Gum,Glacial Soy Gum,,,,
Glacial Cane Oil,Glacial Cane Oil,,,,
Opal Beet Concentrate,Opal Beet Concentrate,,,,
Zenith Dragonfruit Powder,Zenith Dragonfruit Powder,,,,
Hyper-Synthesizer 501,Hyper-Synthesizer 501,,,,
Plasma Locust Bean Protein,Plasma Locust Bean Protein,,,,
Solar Monk Fruit Lecithin,Solar Monk Fruit Lecithin,,,,
Plasma-Isolate-X 590,Plasma-Isolate-X 590,,,,
Opal Maple Gum,Opal Maple Gum,,,,
aura-acai-gum,Aura Acai Gum,,,,
stellar-cashew-protein,Stellar Cashew Protein,,,,
pulsar-cinnamon-protein,Pulsar Cinnamon Protein,,,,
lunar-monk-fruit-lecithin,Lunar Monk Fruit Lecithin,,,,
asteroid-vanilla-gum,Asteroid Vanilla Gum,,,,
stellar-lemon-isolate,Stellar Lemon Isolate,,,,
xeno-isolate-x-627,Xeno-Isolate-X 627,,,,
neuro-matrix-914,Neuro-Matrix 914,,,,
galactic-guar-syrup,Galactic Guar Syrup,,,,
opal-maple-gum,Opal Maple Gum,,,,
opal-agave-isolate,Opal Agave Isolate,,,,
neuro-matrix-806,Neuro-Matrix 806,,,,
neuro-matrix-994,Neuro-Matrix 994,,,,
galactic-lavender-oil,Galactic Lavender Oil,,,,
vortex-acacia-lecithin,Vortex Acacia Lecithin,,,,
lunar-lemon-protein,Lunar Lemon Protein,,,,
zenith-guava-extract,Zenith Guava Extract,,,,
cosmic-dragonfruit-gum,Cosmic Dragonfruit Gum,,,,
hyper-chocolate-concentrate,Hyper Chocolate Concentrate,,,,
QUANTUM-SOY-PROTEIN,Quantum Soy Protein,,,,
VORTEX-OAT-GUM,Vortex Oat Gum,,,,
XENO-ISOLATE-X-627,Xeno-Isolate-X 627,,,,
GALACTIC-ACACIA-LECITHIN,Galactic Acacia Lecithin,,,,
AURA-LOCUST-BEAN-LECITHIN,Aura Locust Bean Lecithin,,,,
VORTEX-MAPLE-OIL,Vortex Maple Oil,,,,
MARTIAN-GINGER-GUM,Martian Ginger Gum,,,,
COSMIC-XANTHAN-LECITHIN,Cosmic Xanthan Lecithin,,,,
MARTIAN-OAT-EXTRACT,Martian Oat Extract,,,,
VORTEX-ACACIA-LECITHIN,Vortex Acacia Lecithin,,,,
LUNAR-LOCUST-BEAN-GUM,Lunar Locust Bean Gum,,,,
COMET-ACAI-SYRUP,Comet Acai Syrup,,,,
MARTIAN-CHOCOLATE-CONCENTRATE,Martian Chocolate Concentrate,,,,
HYPER-CASHEW-POWDER,Hyper Cashew Powder,,,,
SOLAR-MAPLE-ISOLATE,Solar Maple Isolate,,,,
AURA-LYCHEE-GUM,Aura Lychee Gum,,,,
NEBULA-STEVIA-PROTEIN,Nebula Stevia Protein,,,,
Plasma-Isolate-X 590,Plasma-Isolate-X 590,,,,
Hyper Passionfruit Lecithin,Hyper Passionfruit Lecithin,,,,
Hyper Chocolate Concentrate,Hyper Chocolate Concentrate,,,,
Cyber Basil Lecithin,Cyber Basil Lecithin,,,,
Cyber-Flux 581,Cyber-Flux 581,,,,
Zenith Agave Extract,Zenith Agave Extract,,,,
Nebula Stevia Protein,Nebula Stevia Protein,,,,
Asteroid Vanilla Gum,Asteroid Vanilla Gum,,,,
Zenith Sunflower Powder,Zenith Sunflower Powder,,,,
nebula-wheat-isolate,Nebula Wheat Isolate,,,,
xeno-isolate-x-627,Xeno-Isolate-X 627,,,,
glacial-locust-bean-gum,Glacial Locust Bean Gum,,,,
pulsar-maple-oil,Pulsar Maple Oil,,,,
zenith-sunflower-powder,Zenith Sunflower Powder,,,,
cyber-chocolate-syrup,Cyber Chocolate Syrup,,,,
stellar-lemon-isolate,Stellar Lemon Isolate,,,,
plasma-cinnamon-concentrate,Plasma Cinnamon Concentrate,,,,
krypto-stabilizer-352,Krypto-Stabilizer 352,,,,
aura-locust-bean-lecithin,Aura Locust Bean Lecithin,,,,
neuro-matrix-578,Neuro-Matrix 578,,,,
Krypto-Stabilizer 532,Krypto-Stabilizer 532,0.0,0.0,null,null
Glacial Soy Gum,Glacial Soy Gum,0.0,0.0,null,null
Zenith Agave Extract,Zenith Agave Extract,0.0,0.0,null,null
Stellar Lemon Isolate,Stellar Lemon Isolate,0.0,0.0,null,null
Hyper Cashew Powder,Hyper Cashew Powder,0.0,0.0,null,null
Hyper-Synthesizer 501,Hyper-Synthesizer 501,0.0,0.0,null,null
Cyber-Flux 197,Cyber-Flux 197,0.0,0.0,null,null
Cosmic Cinnamon Oil,Cosmic Cinnamon Oil,0.0,0.0,null,null
Aura-Maple-Syrup,Aura Maple Syrup,,,,
Plasma-Cashew-Concentrate,Plasma Cashew Concentrate,,,,
Nebula-Wheat-Isolate,Nebula Wheat Isolate,,,,
Cosmic-Whey-Extract,Cosmic Whey Extract,,,,
Martian-Peanut-Lecithin,Martian Peanut Lecithin,,,,
Lunar-Monk-Fruit-Lecithin,Lunar Monk Fruit Lecithin,,,,
Lunar-Beet-Powder,Lunar Beet Powder,,,,
Krypto-Stabilizer-532,Krypto-Stabilizer 532,,,,
Volcanic-Guava-Isolate,Volcanic Guava Isolate,,,,
Cyber-Acai-Powder,Cyber Acai Powder,,,,
Nebula-Stevia-Oil,Nebula Stevia Oil,,,,
Cosmic Dragonfruit Gum,Cosmic Dragonfruit Gum,,,,
Hyper Oat Gum,Hyper Oat Gum,,,,
Hyper Whey Isolate,Hyper Whey Isolate,,,,
Cyber Lychee Oil,Cyber Lychee Oil,,,,
Lunar Beet Powder,Lunar Beet Powder,,,,
Krypto-Stabilizer 352,Krypto-Stabilizer 352,,,,
Cyber-Flux 855,Cyber-Flux 855,,,,
Vortex Sunflower Protein,Vortex Sunflower Protein,,,,
MARTIAN-GINGER-GUM,Martian Ginger Gum,,,,
COSMIC-ACACIA-GUM,Cosmic Acacia Gum,,,,
CYBER-ACAI-POWDER,Cyber Acai Powder,,,,
LUNAR-BEET-POWDER,Lunar Beet Powder,,,,
CYBER-FLUX-200,Cyber-Flux 200,,,,
PLASMA-BASIL-OIL,Plasma Basil Oil,,,,
QUANTUM-ACAI-LECITHIN,Quantum Acai Lecithin,,,,
PULSAR-CINNAMON-PROTEIN,Pulsar Cinnamon Protein,,,,
AURA-LYCHEE-GUM,Aura Lychee Gum,,,,
Krypto-Stabilizer 352,Krypto-Stabilizer 352,,,,
Nebula Wheat Isolate,Nebula Wheat Isolate,,,,
Nebula Stevia Oil,Nebula Stevia Oil,,,,
Volcanic Guava Isolate,Volcanic Guava Isolate,,,,
Xeno-Isolate-X 627,Xeno-Isolate-X 627,,,,
Plasma Pistachio Gum,Plasma Pistachio Gum,,,,
Quantum Pomegranate Powder,Quantum Pomegranate Powder,,,,
Neuro-Matrix 994,Neuro-Matrix 994,,,,
Glacial Caramel Concentrate,Glacial Caramel Concentrate,,,,
Xeno-Isolate-X 627,Xeno-Isolate-X 627,,,,
Opal Whey Powder,Opal Whey Powder,,,,
Aura Maple Syrup,Aura Maple Syrup,,,,
Lunar Chocolate Oil,Lunar Chocolate Oil,,,,
Pulsar Agave Extract,Pulsar Agave Extract,,,,
Aura Hibiscus Protein,Aura Hibiscus Protein,,,,
Cosmic Ginger Powder,Cosmic Ginger Powder,,,,
Plasma Locust Bean Protein,Plasma Locust Bean Protein,,,,
Cosmic Acacia Gum,Cosmic Acacia Gum,,,,
Aura Hibiscus Gum,Aura Hibiscus Gum,,,,
Solar Locust Bean Powder,Solar Locust Bean Powder,,,,
ING-VOLCANIC-GUAVA-ISOLATE,Volcanic Guava Isolate,,,,
ING-HYPER-CHOCOLATE-CONCENTRATE,Hyper Chocolate Concentrate,,,,
ING-CYBER-ACAI-GUM,Cyber Acai Gum,,,,
ING-CYBER-FLUX-581,Cyber-Flux 581,,,,
ING-GALACTIC-GUAR-SYRUP,Galactic Guar Syrup,,,,
ING-CYBER-CHOCOLATE-SYRUP,Cyber Chocolate Syrup,,,,
ING-GLACIAL-CARAMEL-CONCENTRATE,Glacial Caramel Concentrate,,,,
ING-COSMIC-GINGER-POWDER,Cosmic Ginger Powder,,,,
ING-SOLAR-MAPLE-ISOLATE,Solar Maple Isolate,,,,
ING-AURA-PNUT,Aura Peanut Powder,,,,
ING-STEL-SOY,Stellar Soy Extract,,,,
ING-HYPR-WHEY,Hyper Whey Isolate,,,,
ING-COSM-LBC,Cosmic Locust Bean Concentrate,,,,
ING-PULS-CINP,Pulsar Cinnamon Protein,,,,
ING-KRYP-S407,Krypto-Stabilizer 407,,,,
ING-BIOF-691,Bio-Flux 691,,,,
ING-PULS-VANP,Pulsar Vanilla Powder,,,,
glacial_soy_gum,Glacial Soy Gum,,,,
aura_peanut_powder,Aura Peanut Powder,,,,
lunar_guar_concentrate,Lunar Guar Concentrate,,,,
zenith_guava_extract,Zenith Guava Extract,,,,
xeno_isolate_x_866,Xeno-Isolate-X 866,,,,
vortex_pistachio_concentrate,Vortex Pistachio Concentrate,,,,
cyber_flux_200,Cyber-Flux 200,,,,
lunar_monk_fruit_lecithin,Lunar Monk Fruit Lecithin,,,,
solar_monk_fruit_lecithin,Solar Monk Fruit Lecithin,,,,
Galactic Guar Syrup,Galactic Guar Syrup,,,,
Cosmic Cinnamon Oil,Cosmic Cinnamon Oil,,,,
Hyper Agave Oil,Hyper Agave Oil,,,,
Zenith Sunflower Powder,Zenith Sunflower Powder,,,,
Nebula Stevia Protein,Nebula Stevia Protein,,,,
Glacial Cane Oil,Glacial Cane Oil,,,,
Neuro-Matrix 131,Neuro-Matrix 131,,,,
Martian Ginger Gum,Martian Ginger Gum,,,,
ING-92705-01,Martian Peanut Lecithin,,,,
ING-92705-02,Plasma Almond Extract,,,,
ING-92705-03,Hyper Oat Gum,,,,
ING-92705-04,Hyper Whey Isolate,,,,
ING-92705-05,Nebula Cinnamon Isolate,,,,
ING-92705-06,Lunar Lemon Protein,,,,
ING-92705-07,Volcanic Xanthan Syrup,,,,
ING-92705-08,Vortex Acacia Lecithin,,,,
Asteroid Maple Gum,Asteroid Maple Gum,,,,
Asteroid Whey Protein,Asteroid Whey Protein,,,,
Solar Stevia Gum,Solar Stevia Gum,,,,
Zenith Agave Extract,Zenith Agave Extract,,,,
Cyber-Flux 200,Cyber-Flux 200,,,,
Nebula Stevia Oil,Nebula Stevia Oil,,,,
Pulsar Almond Powder,Pulsar Almond Powder,,,,
Pulsar Agave Extract,Pulsar Agave Extract,,,,
Hyper Chocolate Extract,Hyper Chocolate Extract,,,,
Aura Basil Protein,Aura Basil Protein,,,,
Neuro-Matrix 131,Neuro-Matrix 131,,,,
Pulsar Cinnamon Protein,Pulsar Cinnamon Protein,,,,
Opal Pistachio Powder,Opal Pistachio Powder,,,,
Cosmic Oat Powder,Cosmic Oat Powder,,,,
Hyper-Synthesizer 679,Hyper-Synthesizer 679,,,,
Cosmic Caramel Lecithin,Cosmic Caramel Lecithin,,,,
Vortex Maple Oil,Vortex Maple Oil,,,,
Opal Caramel Extract,Opal Caramel Extract,,,,
Cyber Lychee Oil,Cyber Lychee Oil,,,,
Stellar Cinnamon Oil,Stellar Cinnamon Oil,,,,
Aura Lychee Gum,Aura Lychee Gum,,,,
galactic_soy_isolate,Galactic Soy Isolate,,,,
glacial_soy_gum,Glacial Soy Gum,,,,
cosmic_caramel_lecithin,Cosmic Caramel Lecithin,,,,
aura_stevia_lecithin,Aura Stevia Lecithin,,,,
cosmic_cinnamon_oil,Cosmic Cinnamon Oil,,,,
glacial_locust_bean_gum,Glacial Locust Bean Gum,,,,
cyber_guava_powder,Cyber Guava Powder,,,,
CAS-STELLAR-SOY-EXTRACT,Stellar Soy Extract,,,,
CAS-VORTEX-SOY-ISOLATE,Vortex Soy Isolate,,,,
CAS-PULSAR-GUAR-OIL,Pulsar Guar Oil,,,,
CAS-XENO-ISOLATE-X-866,Xeno-Isolate-X 866,,,,
CAS-ASTEROID-BASIL-LECITHIN,Asteroid Basil Lecithin,,,,
CAS-VORTEX-HIBISCUS-EXTRACT,Vortex Hibiscus Extract,,,,
CAS-PULSAR-SUNFLOWER-ISOLATE,Pulsar Sunflower Isolate,,,,
Pulsar-Vanilla-Powder,Pulsar Vanilla Powder,,,,
Pulsar-Cinnamon-Protein,Pulsar Cinnamon Protein,,,,
Quantum-Acai-Lecithin,Quantum Acai Lecithin,,,,
Solar-Chocolate-Powder,Solar Chocolate Powder,,,,
Cosmic-Acacia-Gum,Cosmic Acacia Gum,,,,
Neuro-Matrix-914,Neuro-Matrix 914,,,,
Cyber-Flux-479,Cyber-Flux 479,,,,
Cosmic-Caramel-Lecithin,Cosmic Caramel Lecithin,,,,
Neuro-Matrix 578,Neuro-Matrix 578,,,,
Vortex Soy Extract,Vortex Soy Extract,,,,
Hyper Whey Isolate,Hyper Whey Isolate,,,,
Vortex Passionfruit Syrup,Vortex Passionfruit Syrup,,,,
Cosmic Acacia Gum,Cosmic Acacia Gum,,,,
Nebula Sunflower Syrup,Nebula Sunflower Syrup,,,,
Vortex Acacia Concentrate,Vortex Acacia Concentrate,,,,
Cosmic Locust Bean Concentrate,Cosmic Locust Bean Concentrate,,,,
Plasma Locust Bean Protein,Plasma Locust Bean Protein,,,,
Solar Chicory Gum,Solar Chicory Gum,,,,
Hyper-Synthesizer 679,Hyper-Synthesizer 679,,,,
Krypto-Stabilizer 471,Krypto-Stabilizer 471,,,,
Aura Hibiscus Gum,Aura Hibiscus Gum,,,,
Aura Stevia Lecithin,Aura Stevia Lecithin,,,,
stellar-lemon-isolate,Stellar Lemon Isolate,,,,
aura-lychee-gum,Aura Lychee Gum,,,,
hyper-passionfruit-lecithin,Hyper Passionfruit Lecithin,,,,
cyber-flux-200,Cyber-Flux 200,,,,
vortex-acacia-concentrate,Vortex Acacia Concentrate,,,,
glacial-caramel-concentrate,Glacial Caramel Concentrate,,,,
aura-maple-syrup,Aura Maple Syrup,,,,
Solar Chicory Gum,Solar Chicory Gum,,,,
Neuro-Matrix 994,Neuro-Matrix 994,,,,
Solar Cane Protein,Solar Cane Protein,,,,
Lunar Chocolate Oil,Lunar Chocolate Oil,,,,
Cyber Acai Gum,Cyber Acai Gum,,,,
Xeno-Isolate-X 627,Xeno-Isolate-X 627,,,,
Aura Lavender Lecithin,Aura Lavender Lecithin,,,,
Quantum Maple Syrup,Quantum Maple Syrup,,,,
Hyper Acacia Extract,Hyper Acacia Extract,,,,
Stellar Lavender Extract,Stellar Lavender Extract,,,,
Hyper Vanilla Oil,Hyper Vanilla Oil,,,,
Cosmic Ginger Powder,Cosmic Ginger Powder,,,,
Cyber-Flux 200,Cyber-Flux 200,,,,
Krypto-Stabilizer 352,Krypto-Stabilizer 352,,,,
Krypto-Stabilizer 627,Krypto-Stabilizer 627,,,,
Martian Pomegranate Oil,Martian Pomegranate Oil,,,,
Cyber-Flux 855,Cyber-Flux 855,,,,
Aura Acai Gum,Aura Acai Gum,,,,
Cyber Lychee Oil,Cyber Lychee Oil,,,,
Cyber Acai Powder,Cyber Acai Powder,,,,
pulsar_maple_oil,Pulsar Maple Oil,,,,
aura_acai_gum,Aura Acai Gum,,,,
glacial_sunflower_lecithin,Glacial Sunflower Lecithin,,,,
cyber_guava_powder,Cyber Guava Powder,,,,
hyper_passionfruit_lecithin,Hyper Passionfruit Lecithin,,,,
zenith_sunflower_extract,Zenith Sunflower Extract,,,,
hyper_chicory_isolate,Hyper Chicory Isolate,,,,
glacial_caramel_concentrate,Glacial Caramel Concentrate,,,,
nebula_passionfruit_lecithin,Nebula Passionfruit Lecithin,,,,
cyber_flux_855,Cyber-Flux 855,,,,
glacial_cane_extract,Glacial Cane Extract,,,,
vortex-soy-isolate,Vortex Soy Isolate,,,,
plasma-cinnamon-concentrate,Plasma Cinnamon Concentrate,,,,
martian-chocolate-concentrate,Martian Chocolate Concentrate,,,,
aura-stevia-lecithin,Aura Stevia Lecithin,,,,
pulsar-sunflower-isolate,Pulsar Sunflower Isolate,,,,
opal-maple-gum,Opal Maple Gum,,,,
galactic-guar-syrup,Galactic Guar Syrup,,,,
plasma-lychee-lecithin,Plasma Lychee Lecithin,,,,
stellar-cinnamon-oil,Stellar Cinnamon Oil,,,,
nebula-cinnamon-isolate,Nebula Cinnamon Isolate,,,,
glacial-locust-bean-gum,Glacial Locust Bean Gum,,,,
cyber-acai-powder,Cyber Acai Powder,,,,
aura-locust-bean-lecithin,Aura Locust Bean Lecithin,,,,
quantum-pomegranate-powder,Quantum Pomegranate Powder,,,,
volcanic-xanthan-syrup,Volcanic Xanthan Syrup,,,,
volcanic-acacia-extract,Volcanic Acacia Extract,,,,
lunar-beet-powder,Lunar Beet Powder,,,,
martian-chocolate-concentrate,Martian Chocolate Concentrate,,,,
CAS-PLASMA-BASIL-OIL,Plasma Basil Oil,,,,
CAS-PULSAR-VANILLA-POWDER,Pulsar Vanilla Powder,,,,
CAS-ASTEROID-CHOCOLATE-ISOLATE,Asteroid Chocolate Isolate,,,,
CAS-AURA-HIBISCUS-PROTEIN,Aura Hibiscus Protein,,,,
CAS-VORTEX-XANTHAN-ISOLATE,Vortex Xanthan Isolate,,,,
CAS-GALACTIC-LYCHEE-LECITHIN,Galactic Lychee Lecithin,,,,
CAS-CYBER-FLUX-200,Cyber-Flux 200,,,,
CAS-ZENITH-CHICORY-CONCENTRATE,Zenith Chicory Concentrate,,,,
CAS-NEBULA-PASSIONFRUIT-SYRUP,Nebula Passionfruit Syrup,,,,
Vortex Sunflower Protein,Vortex Sunflower Protein,,,,
Asteroid Vanilla Gum,Asteroid Vanilla Gum,,,,
Zenith Guava Extract,Zenith Guava Extract,,,,
Plasma Lychee Lecithin,Plasma Lychee Lecithin,,,,
Aura Stevia Lecithin,Aura Stevia Lecithin,,,,
Vortex Passionfruit Syrup,Vortex Passionfruit Syrup,,,,
Krypto-Stabilizer 352,Krypto-Stabilizer 352,,,,
hyper-cashew-powder,Hyper Cashew Powder,,,,
lunar-locust-bean-gum,Lunar Locust Bean Gum,,,,
cyber-lychee-oil,Cyber Lychee Oil,,,,
plasma-cinnamon-concentrate,Plasma Cinnamon Concentrate,,,,
martian-stevia-gum,Martian Stevia Gum,,,,
glacial-cane-extract,Glacial Cane Extract,,,,
galactic-lemon-syrup,Galactic Lemon Syrup,,,,
solar-locust-bean-powder,Solar Locust Bean Powder,,,,
plasma-locust-bean-protein,Plasma Locust Bean Protein,,,,
pulsar-cane-powder,Pulsar Cane Powder,,,,
cosmic-ginger-powder,Cosmic Ginger Powder,,,,
martian-egg-isolate,Martian Egg Isolate,,,,
lunar-chocolate-oil,Lunar Chocolate Oil,,,,
opal-maple-gum,Opal Maple Gum,,,,
solar-stevia-gum,Solar Stevia Gum,,,,
hyper-acacia-extract,Hyper Acacia Extract,,,,
hyper-oat-gum,Hyper Oat Gum,,,,
aura-acai-gum,Aura Acai Gum,,,,
galactic-lavender-oil,Galactic Lavender Oil,,,,
zenith-dragonfruit-powder,Zenith Dragonfruit Powder,,,,
plasma-cane-powder,Plasma Cane Powder,,,,
cosmic-oat-powder,Cosmic Oat Powder,0.0,0.0,null,null
hyper-cashew-powder,Hyper Cashew Powder,0.0,0.0,null,null
lunar-beet-powder,Lunar Beet Powder,0.0,0.0,null,null
cyber-acai-powder,Cyber Acai Powder,0.0,0.0,null,null
asteroid-vanilla-gum,Asteroid Vanilla Gum,0.0,0.0,null,null
cyber-chocolate-syrup,Cyber Chocolate Syrup,0.0,0.0,null,null
asteroid-basil-concentrate,Asteroid Basil Concentrate,0.0,0.0,null,null
lunar-guar-concentrate,Lunar Guar Concentrate,0.0,0.0,null,null
pulsar-guar-oil,Pulsar Guar Oil,,,,
zenith-sunflower-powder,Zenith Sunflower Powder,,,,
vortex-maple-oil,Vortex Maple Oil,,,,
volcanic-xanthan-syrup,Volcanic Xanthan Syrup,,,,
cyber-guava-powder,Cyber Guava Powder,,,,
asteroid-chocolate-isolate,Asteroid Chocolate Isolate,,,,
aura-hibiscus-protein,Aura Hibiscus Protein,,,,
quantum_acai_lecithin,Quantum Acai Lecithin,,,,
plasma_almond_extract,Plasma Almond Extract,,,,
vortex_oat_gum,Vortex Oat Gum,,,,
cyber_basil_lecithin,Cyber Basil Lecithin,,,,
asteroid_cinnamon_syrup,Asteroid Cinnamon Syrup,,,,
asteroid_basil_concentrate,Asteroid Basil Concentrate,,,,
pulsar_vanilla_powder,Pulsar Vanilla Powder,,,,
nebula_cinnamon_isolate,Nebula Cinnamon Isolate,,,,
galactic_guar_syrup,Galactic Guar Syrup,,,,
nebula_passionfruit_syrup,Nebula Passionfruit Syrup,,,,
Glacial Caramel Concentrate,Glacial Caramel Concentrate,,,,
Solar Chicory Gum,Solar Chicory Gum,,,,
Pulsar Vanilla Powder,Pulsar Vanilla Powder,,,,
Galactic Guar Syrup,Galactic Guar Syrup,,,,
Asteroid Maple Gum,Asteroid Maple Gum,,,,
Zenith Guava Extract,Zenith Guava Extract,,,,
Opal Agave Isolate,Opal Agave Isolate,,,,
Plasma Monk Fruit Isolate,Plasma Monk Fruit Isolate,,,,
Vortex Hibiscus Extract,Vortex Hibiscus Extract,,,,
Volcanic Xanthan Extract,Volcanic Xanthan Extract,,,,
ING_NEBULA_PASSIONFRUIT_SYRUP,Nebula Passionfruit Syrup,,,,
ING_COSMIC_WHEY_EXTRACT,Cosmic Whey Extract,,,,
ING_VORTEX_PASSIONFRUIT_SYRUP,Vortex Passionfruit Syrup,,,,
ING_VORTEX_ACACIA_CONCENTRATE,Vortex Acacia Concentrate,,,,
ING_CYBER_CHOCOLATE_SYRUP,Cyber Chocolate Syrup,,,,
ING_STELLAR_CASHEW_PROTEIN,Stellar Cashew Protein,,,,
ING_PLASMA_LOCUST_BEAN_PROTEIN,Plasma Locust Bean Protein,,,,
ING_PULSAR_AGAVE_EXTRACT,Pulsar Agave Extract,,,,
ING_MARTIAN_CHOCOLATE_CONCENTRATE,Martian Chocolate Concentrate,,,,
ING_ASTEROID_BASIL_LECITHIN,Asteroid Basil Lecithin,,,,
aura-hibiscus-gum,Aura Hibiscus Gum,,,,
aura-lavender-lecithin,Aura Lavender Lecithin,,,,
hyper-passionfruit-lecithin,Hyper Passionfruit Lecithin,,,,
vortex-maple-oil,Vortex Maple Oil,,,,
glacial-sunflower-lecithin,Glacial Sunflower Lecithin,,,,
pulsar-cane-powder,Pulsar Cane Powder,,,,
bio-flux-691,Bio-Flux 691,,,,
nebula-passionfruit-lecithin,Nebula Passionfruit Lecithin,,,,
glacial-wheat-concentrate,Glacial Wheat Concentrate,,,,
hyper-acacia-extract,Hyper Acacia Extract,,,,
martian-ginger-gum,Martian Ginger Gum,,,,
solar-monk-fruit-lecithin,Solar Monk Fruit Lecithin,,,,
aura-hibiscus-protein,Aura Hibiscus Protein,,,,
plasma-pistachio-powder,Plasma Pistachio Powder,,,,
plasma-basil-oil,Plasma Basil Oil,,,,
quantum-maple-syrup,Quantum Maple Syrup,,,,
glacial-cane-extract,Glacial Cane Extract,,,,
stellar-xanthan-syrup,Stellar Xanthan Syrup,,,,
Solar Stevia Gum,Solar Stevia Gum,0.0,0.0,Not Specified,Not Specified
Midnight Base 204,Midnight Base 204,0.0,0.0,Not Specified,Not Specified
Nebula Wheat Isolate,Nebula Wheat Isolate,0.0,0.0,Not Specified,Not Specified
Opal Whey Powder,Opal Whey Powder,0.0,0.0,Not Specified,Not Specified
Nebula Stevia Oil,Nebula Stevia Oil,0.0,0.0,Not Specified,Not Specified
Galactic Lychee Lecithin,Galactic Lychee Lecithin,0.0,0.0,Not Specified,Not Specified
Hyper-Synthesizer 501,Hyper-Synthesizer 501,0.0,0.0,Not Specified,Not Specified
Vortex Passionfruit Syrup,Vortex Passionfruit Syrup,0.0,0.0,Not Specified,Not Specified
CYBER-FLUX-829,Cyber-Flux 829,,,,
KRYPTO-STABILIZER-532,Krypto-Stabilizer 532,,,,
VORTEX-XANTHAN-ISOLATE,Vortex Xanthan Isolate,,,,
MARTIAN-CHOCOLATE-CONCENTRATE,Martian Chocolate Concentrate,,,,
KRYPTO-STABILIZER-627,Krypto-Stabilizer 627,,,,
HYPER-VANILLA-OIL,Hyper Vanilla Oil,,,,
CYBER-FLUX-200,Cyber-Flux 200,,,,
COSMIC-LOCUST-BEAN-CONCENTRATE,Cosmic Locust Bean Concentrate,,,,
ING-SOLAR-LOCUST-BEAN-POWDER,Solar Locust Bean Powder,,,,
ING-ZENITH-CHICORY-CONCENTRATE,Zenith Chicory Concentrate,,,,
ING-VOLCANIC-GUAVA-ISOLATE,Volcanic Guava Isolate,,,,
ING-NEBULA-MANGO-CONCENTRATE,Nebula Mango Concentrate,,,,
ING-AURA-LAVENDER-LECITHIN,Aura Lavender Lecithin,,,,
ING-HYPER-AGAVE-OIL,Hyper Agave Oil,,,,
ING-AURA-BASIL-PROTEIN,Aura Basil Protein,,,,
martian_almond_protein,Martian Almond Protein,,,,
aura_acai_gum,Aura Acai Gum,,,,
galactic_acacia_lecithin,Galactic Acacia Lecithin,,,,
stellar_lemon_isolate,Stellar Lemon Isolate,,,,
lunar_guar_concentrate,Lunar Guar Concentrate,,,,
pulsar_cane_powder,Pulsar Cane Powder,,,,
xeno_isolate_x_627,Xeno-Isolate-X 627,,,,
lunar_chocolate_oil,Lunar Chocolate Oil,,,,
plasma_basil_oil,Plasma Basil Oil,,,,
quantum_maple_syrup,Quantum Maple Syrup,,,,
hyper_acacia_extract,Hyper Acacia Extract,,,,
volcanic-peanut-protein,Volcanic Peanut Protein,,,,
galactic-soy-isolate,Galactic Soy Isolate,,,,
cyber-basil-lecithin,Cyber Basil Lecithin,,,,
galactic-lavender-oil,Galactic Lavender Oil,,,,
krypto-stabilizer-660,Krypto-Stabilizer 660,,,,
lunar-sunflower-concentrate,Lunar Sunflower Concentrate,,,,
lunar-locust-bean-gum,Lunar Locust Bean Gum,,,,
volcanic-guava-isolate,Volcanic Guava Isolate,,,,
vortex-acacia-lecithin,Vortex Acacia Lecithin,,,,
solar-monk-fruit-lecithin,Solar Monk Fruit Lecithin,,,,
aura-hibiscus-protein,Aura Hibiscus Protein,,,,
volcanic-acacia-extract,Volcanic Acacia Extract,,,,
opal-beet-concentrate,Opal Beet Concentrate,,,,
solar-maple-isolate,Solar Maple Isolate,,,,
cyber-flux-197,Cyber-Flux 197,,,,
hyper-synthesizer-914,Hyper-Synthesizer 914,,,,
volcanic-xanthan-extract,Volcanic Xanthan Extract,,,,
stellar-xanthan-syrup,Stellar Xanthan Syrup,,,,
Aura Hibiscus Protein,Aura Hibiscus Protein,,,,
Aura Stevia Lecithin,Aura Stevia Lecithin,,,,
Zenith Dragonfruit Powder,Zenith Dragonfruit Powder,,,,
Zenith Agave Extract,Zenith Agave Extract,,,,
Cosmic Xanthan Lecithin,Cosmic Xanthan Lecithin,,,,
Nebula Passionfruit Syrup,Nebula Passionfruit Syrup,,,,
Aura Locust Bean Lecithin,Aura Locust Bean Lecithin,,,,
Lunar Sunflower Concentrate,Lunar Sunflower Concentrate,,,,
Nebula-Almond-Extract,Nebula Almond Extract,,,,
Pulsar-Wheat-Isolate,Pulsar Wheat Isolate,,,,
Pulsar-Vanilla-Powder,Pulsar Vanilla Powder,,,,
Neuro-Matrix-131,Neuro-Matrix 131,,,,
Quantum-Vanilla-Concentrate,Quantum Vanilla Concentrate,,,,
Galactic-Lavender-Oil,Galactic Lavender Oil,,,,
Hyper-Passionfruit-Lecithin,Hyper Passionfruit Lecithin,,,,
plasma-monk-fruit-isolate,Plasma Monk Fruit Isolate,,,,
pulsar-guar-oil,Pulsar Guar Oil,,,,
nebula-mango-concentrate,Nebula Mango Concentrate,,,,
krypto-stabilizer-627,Krypto-Stabilizer 627,,,,
cosmic-dragonfruit-gum,Cosmic Dragonfruit Gum,,,,
cyber-flux-200,Cyber-Flux 200,,,,
cosmic-xanthan-lecithin,Cosmic Xanthan Lecithin,,,,
zenith-sunflower-powder,Zenith Sunflower Powder,,,,
zenith-agave-extract,Zenith Agave Extract,,,,
galactic-guar-syrup,Galactic Guar Syrup,,,,
Cyber-Flux 479,Cyber-Flux 479,,,,
Nebula Almond Extract,Nebula Almond Extract,,,,
Aura Whey Extract,Aura Whey Extract,,,,
Asteroid Chocolate Isolate,Asteroid Chocolate Isolate,,,,
Hyper Acacia Extract,Hyper Acacia Extract,,,,
Glacial Cane Extract,Glacial Cane Extract,,,,
Aura Lavender Lecithin,Aura Lavender Lecithin,,,,
Cyber Acai Gum,Cyber Acai Gum,,,,
Plasma Cinnamon Concentrate,Plasma Cinnamon Concentrate,,,,
Glacial Caramel Concentrate,Glacial Caramel Concentrate,,,,
Pulsar Vanilla Powder,Pulsar Vanilla Powder,,,,
martian-pomegranate-oil,Martian Pomegranate Oil,,,,
neuro-matrix-578,Neuro-Matrix 578,,,,
cosmic-caramel-lecithin,Cosmic Caramel Lecithin,,,,
volcanic-acacia-extract,Volcanic Acacia Extract,,,,
glacial-ginger-lecithin,Glacial Ginger Lecithin,,,,
asteroid-maple-gum,Asteroid Maple Gum,,,,
cyber-acai-powder,Cyber Acai Powder,,,,
aura-maple-syrup,Aura Maple Syrup,,,,
cosmic-acacia-gum,Cosmic Acacia Gum,,,,
martian-basil-concentrate,Martian Basil Concentrate,,,,
hyper-chocolate-extract,Hyper Chocolate Extract,,,,
LUNAR_GUAR_CONCENTRATE,Lunar Guar Concentrate,,,,
AURA_LAVENDER_LECITHIN,Aura Lavender Lecithin,,,,
MARTIAN_CHOCOLATE_CONCENTRATE,Martian Chocolate Concentrate,,,,
VOLCANIC_ACACIA_EXTRACT,Volcanic Acacia Extract,,,,
NEURO_MATRIX_914,Neuro-Matrix 914,,,,
NEBULA_PASSIONFRUIT_SYRUP,Nebula Passionfruit Syrup,,,,
KRYPTO_STABILIZER_532,Krypto-Stabilizer 532,,,,
PLASMA_BASIL_OIL,Plasma Basil Oil,,,,
PULSAR_BASIL_ISOLATE,Pulsar Basil Isolate,,,,
PLASMA_ACACIA_GUM,Plasma Acacia Gum,,,,
VORTEX-MAPLE-OIL,Vortex Maple Oil,,,,
NEBULA-CINNAMON-ISOLATE,Nebula Cinnamon Isolate,,,,
XENO-ISOLATE-X-627,Xeno-Isolate-X 627,,,,
CYBER-CHOCOLATE-SYRUP,Cyber Chocolate Syrup,,,,
LUNAR-CHOCOLATE-OIL,Lunar Chocolate Oil,,,,
PLASMA-LYCHEE-LECITHIN,Plasma Lychee Lecithin,,,,
CYBER-FLUX-197,Cyber-Flux 197,,,,
ZENITH-DRAGONFRUIT-POWDER,Zenith Dragonfruit Powder,,,,
CYBER-GUAVA-POWDER,Cyber Guava Powder,,,,
VOLCANIC-XANTHAN-EXTRACT,Volcanic Xanthan Extract,,,,
Volcanic Barley Extract,Volcanic Barley Extract,,,,
Aura Cinnamon Extract,Aura Cinnamon Extract,,,,
Vortex Hibiscus Extract,Vortex Hibiscus Extract,,,,
Aura Hibiscus Gum,Aura Hibiscus Gum,,,,
Krypto-Stabilizer 352,Krypto-Stabilizer 352,,,,
Asteroid Stevia Protein,Asteroid Stevia Protein,,,,
Martian Pomegranate Oil,Martian Pomegranate Oil,,,,
Hyper Vanilla Oil,Hyper Vanilla Oil,,,,
plasma-lychee-lecithin,Plasma Lychee Lecithin,,,,
cosmic-cinnamon-oil,Cosmic Cinnamon Oil,,,,
stellar-xanthan-syrup,Stellar Xanthan Syrup,,,,
vortex-xanthan-isolate,Vortex Xanthan Isolate,,,,
hyper-synthesizer-501,Hyper-Synthesizer 501,,,,
volcanic-xanthan-extract,Volcanic Xanthan Extract,,,,
quantum-acai-lecithin,Quantum Acai Lecithin,,,,
plasma-cane-powder,Plasma Cane Powder,,,,
martian-chocolate-concentrate,Martian Chocolate Concentrate,,,,
comet-acai-syrup,Comet Acai Syrup,,,,
solar-stevia-gum,Solar Stevia Gum,,,,
LUNAR_CHOCOLATE_OIL,Lunar Chocolate Oil,,,,
NEBULA_SUNFLOWER_SYRUP,Nebula Sunflower Syrup,,,,
NEURO_MATRIX_806,Neuro-Matrix 806,,,,
MARTIAN_POMEGRANATE_OIL,Martian Pomegranate Oil,,,,
SOLAR_STEVIA_GUM,Solar Stevia Gum,,,,
CYBER_ACAI_POWDER,Cyber Acai Powder,,,,
VORTEX_XANTHAN_ISOLATE,Vortex Xanthan Isolate,,,,
ZENITH_GUAVA_EXTRACT,Zenith Guava Extract,,,,
Volcanic-Acacia-Extract,Volcanic Acacia Extract,,,,
Pulsar-Cinnamon-Protein,Pulsar Cinnamon Protein,,,,
Cyber-Flux-581,Cyber-Flux 581,,,,
Plasma-Cane-Powder,Plasma Cane Powder,,,,
Glacial-Sunflower-Lecithin,Glacial Sunflower Lecithin,,,,
Nebula-Passionfruit-Syrup,Nebula Passionfruit Syrup,,,,
Quantum-Vanilla-Concentrate,Quantum Vanilla Concentrate,,,,
Hyper-Chocolate-Concentrate,Hyper Chocolate Concentrate,,,,
Hyper-Synthesizer-782,Hyper-Synthesizer 782,,,,
Asteroid-Vanilla-Gum,Asteroid Vanilla Gum,,,,
Cyber-Soy-Protein,Cyber Soy Protein,,,,
Vortex-Oat-Gum,Vortex Oat Gum,,,,
Solar-Stevia-Gum,Solar Stevia Gum,,,,
Lunar-Lemon-Protein,Lunar Lemon Protein,,,,
Neuro-Matrix-703,Neuro-Matrix 703,,,,
Pulsar-Cinnamon-Protein,Pulsar Cinnamon Protein,,,,
Neuro-Matrix-994,Neuro-Matrix 994,,,,
Asteroid-Cinnamon-Syrup,Asteroid Cinnamon Syrup,,,,
Glacial-Ginger-Lecithin,Glacial Ginger Lecithin,,,,
Volcanic-Xanthan-Syrup,Volcanic Xanthan Syrup,,,,
cosmic-cinnamon-oil,Cosmic Cinnamon Oil,,,,
martian-peanut-lecithin,Martian Peanut Lecithin,,,,
plasma-locust-bean-protein,Plasma Locust Bean Protein,,,,
pulsar-cane-powder,Pulsar Cane Powder,,,,
asteroid-stevia-protein,Asteroid Stevia Protein,,,,
cyber-lychee-oil,Cyber Lychee Oil,,,,
zenith-agave-extract,Zenith Agave Extract,,,,
Solar Monk Fruit Lecithin,Solar Monk Fruit Lecithin,,,,
Hyper Agave Oil,Hyper Agave Oil,,,,
Hyper-Synthesizer 679,Hyper-Synthesizer 679,,,,
Lunar Monk Fruit Lecithin,Lunar Monk Fruit Lecithin,,,,
Neuro-Matrix 806,Neuro-Matrix 806,,,,
Neuro-Matrix 131,Neuro-Matrix 131,,,,
Xeno-Isolate-X 627,Xeno-Isolate-X 627,,,,
VORTEX-ACACIA-CONCENTRATE,Vortex Acacia Concentrate,,,,
GLACIAL-GINGER-LECITHIN,Glacial Ginger Lecithin,,,,
AURA-MAPLE-SYRUP,Aura Maple Syrup,,,,
OPAL-BEET-CONCENTRATE,Opal Beet Concentrate,,,,
GALACTIC-ACACIA-LECITHIN,Galactic Acacia Lecithin,,,,
KRYPTO-STABILIZER-532,Krypto-Stabilizer 532,,,,
AURA-HIBISCUS-GUM,Aura Hibiscus Gum,,,,
CYBER-FLUX-855,Cyber-Flux 855,,,,
ASTEROID-HIBISCUS-GUM,Asteroid Hibiscus Gum,,,,
SOLAR-CANE-PROTEIN,Solar Cane Protein,,,,
martian_egg_isolate,Martian Egg Isolate,,,,
glacial_almond_powder,Glacial Almond Powder,,,,
volcanic_soy_isolate,Volcanic Soy Isolate,,,,
cyber_flux_581,Cyber-Flux 581,,,,
hyper_synthesizer_679,Hyper-Synthesizer 679,,,,
vortex_maple_oil,Vortex Maple Oil,,,,
asteroid_basil_lecithin,Asteroid Basil Lecithin,,,,
pulsar_cinnamon_protein,Pulsar Cinnamon Protein,,,,
asteroid_vanilla_gum,Asteroid Vanilla Gum,,,,
Aura Caramel Extract,Aura Caramel Extract,,,,
Cosmic Caramel Lecithin,Cosmic Caramel Lecithin,,,,
Aura Lavender Lecithin,Aura Lavender Lecithin,,,,
Cyber Guava Powder,Cyber Guava Powder,,,,
Cyber-Flux 197,Cyber-Flux 197,,,,
Solar Maple Isolate,Solar Maple Isolate,,,,
Solar Chicory Gum,Solar Chicory Gum,,,,
Aura Maple Syrup,Aura Maple Syrup,,,,
Asteroid Chocolate Isolate,Asteroid Chocolate Isolate,,,,
opal_pistachio_powder,Opal Pistachio Powder,,,,
pulsar_cane_powder,Pulsar Cane Powder,,,,
cyber_acai_powder,Cyber Acai Powder,,,,
opal_caramel_extract,Opal Caramel Extract,,,,
lunar_guar_concentrate,Lunar Guar Concentrate,,,,
asteroid_stevia_protein,Asteroid Stevia Protein,,,,
aura_oat_lecithin,Aura Oat Lecithin,,,,
plasma_basil_oil,Plasma Basil Oil,,,,
opal_beet_concentrate,Opal Beet Concentrate,,,,
cyber_chocolate_syrup,Cyber Chocolate Syrup,,,,
solar_locust_bean_powder,Solar Locust Bean Powder,,,,
lunar-monk-fruit-lecithin,Lunar Monk Fruit Lecithin,,0.0,,
plasma-monk-fruit-isolate,Plasma Monk Fruit Isolate,,0.0,,
comet-acai-syrup,Comet Acai Syrup,,0.0,,
krypto-stabilizer-532,Krypto-Stabilizer 532,,0.0,,
hyper-chocolate-extract,Hyper Chocolate Extract,,0.0,,
hyper-vanilla-oil,Hyper Vanilla Oil,,0.0,,
nebula-passionfruit-lecithin,Nebula Passionfruit Lecithin,,0.0,,
pulsar-guar-oil,Pulsar Guar Oil,,0.0,,
stellar-lavender-extract,Stellar Lavender Extract,,0.0,,
zenith-sunflower-powder,Zenith Sunflower Powder,,,,
neuro-matrix-914,Neuro-Matrix 914,,,,
plasma-acacia-gum,Plasma Acacia Gum,,,,
aura-hibiscus-gum,Aura Hibiscus Gum,,,,
cyber-guava-powder,Cyber Guava Powder,,,,
hyper-passionfruit-lecithin,Hyper Passionfruit Lecithin,,,,
xeno-isolate-x-866,Xeno-Isolate-X 866,,,,
cosmic-ginger-powder,Cosmic Ginger Powder,,,,
Cosmic Peanut Gum,Cosmic Peanut Gum,,,,
Aura Whey Extract,Aura Whey Extract,,,,
Martian Stevia Gum,Martian Stevia Gum,,,,
Pulsar Agave Extract,Pulsar Agave Extract,,,,
Plasma Basil Oil,Plasma Basil Oil,,,,
Glacial Cane Extract,Glacial Cane Extract,,,,
Vortex Oat Gum,Vortex Oat Gum,,,,
Cyber-Flux 479,Cyber-Flux 479,,,,
Nebula Mango Concentrate,Nebula Mango Concentrate,,,,
Galactic Lavender Oil,Galactic Lavender Oil,,,,
Nebula Cinnamon Isolate,Nebula Cinnamon Isolate,,,,
Hyper-Synthesizer 782,Hyper-Synthesizer 782,,,,
Vortex Sunflower Protein,Vortex Sunflower Protein,,,,
Hyper Acacia Extract,Hyper Acacia Extract,,,,
Lunar Sunflower Concentrate,Lunar Sunflower Concentrate,,,,
Krypto-Stabilizer 660,Krypto-Stabilizer 660,,,,
Opal Beet Concentrate,Opal Beet Concentrate,,,,
Nebula Sunflower Syrup,Nebula Sunflower Syrup,,,,
Asteroid Vanilla Gum,Asteroid Vanilla Gum,,,,
Zenith Guava Extract,Zenith Guava Extract,,,,
Vortex Xanthan Isolate,Vortex Xanthan Isolate,,,,
STELLAR-PEANUT-CONCENTRATE,Stellar Peanut Concentrate,,,,
GALACTIC-LEMON-SYRUP,Galactic Lemon Syrup,,,,
SOLAR-CHOCOLATE-POWDER,Solar Chocolate Powder,,,,
HYPER-CHOCOLATE-CONCENTRATE,Hyper Chocolate Concentrate,,,,
NEURO-MATRIX-806,Neuro-Matrix 806,,,,
AURA-BASIL-PROTEIN,Aura Basil Protein,,,,
VORTEX-PISTACHIO-CONCENTRATE,Vortex Pistachio Concentrate,,,,
PLASMA-ISOLATE-X-590,Plasma-Isolate-X 590,,,,
OPAL-CARAMEL-EXTRACT,Opal Caramel Extract,,,,
AURA-STEVIA-LECITHIN,Aura Stevia Lecithin,,,,
HYPER-ACACIA-EXTRACT,Hyper Acacia Extract,,,,
Cyber Lychee Oil,Cyber Lychee Oil,,,,
Asteroid Chocolate Isolate,Asteroid Chocolate Isolate,,,,
Aura Basil Protein,Aura Basil Protein,,,,
Solar Stevia Gum,Solar Stevia Gum,,,,
Plasma Locust Bean Protein,Plasma Locust Bean Protein,,,,
Asteroid Basil Concentrate,Asteroid Basil Concentrate,,,,
Cosmic Dragonfruit Gum,Cosmic Dragonfruit Gum,,,,
Xeno-Isolate-X 866,Xeno-Isolate-X 866,,,,
cyber-guava-powder,Cyber Guava Powder,,,,
pulsar-almond-powder,Pulsar Almond Powder,,,,
midnight-base-204,Midnight Base 204,,,,
pulsar-wheat-isolate,Pulsar Wheat Isolate,,,,
asteroid-vanilla-gum,Asteroid Vanilla Gum,,,,
cosmic-ginger-powder,Cosmic Ginger Powder,,,,
zenith-dragonfruit-powder,Zenith Dragonfruit Powder,,,,
bio-flux-691,Bio-Flux 691,,,,
pulsar-maple-oil,Pulsar Maple Oil,,,,
Aura Cinnamon Extract,Aura Cinnamon Extract,,,,
Cosmic Acacia Gum,Cosmic Acacia Gum,,,,
Pulsar Maple Oil,Pulsar Maple Oil,,,,
Krypto-Stabilizer 532,Krypto-Stabilizer 532,,,,
Zenith Sunflower Powder,Zenith Sunflower Powder,,,,
Krypto-Stabilizer 352,Krypto-Stabilizer 352,,,,
Neuro-Matrix 578,Neuro-Matrix 578,,,,
Aura Acai Gum,Aura Acai Gum,,,,
Neuro-Matrix 914,Neuro-Matrix 914,,,,
lunar_beet_powder,Lunar Beet Powder,,,,
nebula_wheat_isolate,Nebula Wheat Isolate,,,,
aura_acai_gum,Aura Acai Gum,,,,
martian_chocolate_concentrate,Martian Chocolate Concentrate,,,,
krypto_stabilizer_627,Krypto-Stabilizer 627,,,,
cosmic_ginger_powder,Cosmic Ginger Powder,,,,
plasma_lychee_lecithin,Plasma Lychee Lecithin,,,,
glacial-cane-oil,Glacial Cane Oil,,,,
aura-cinnamon-extract,Aura Cinnamon Extract,,,,
cyber-basil-lecithin,Cyber Basil Lecithin,,,,
plasma-cinnamon-concentrate,Plasma Cinnamon Concentrate,,,,
krypto-stabilizer-532,Krypto-Stabilizer 532,,,,
solar-locust-bean-powder,Solar Locust Bean Powder,,,,
aura-hibiscus-protein,Aura Hibiscus Protein,,,,
plasma-lychee-lecithin,Plasma Lychee Lecithin,,,,
zenith-agave-extract,Zenith Agave Extract,,,,
LUNAR_SUNFLOWER_CONCENTRATE,Lunar Sunflower Concentrate,,,,
MARTIAN_BARLEY_POWDER,Martian Barley Powder,,,,
GALACTIC_LAVENDER_OIL,Galactic Lavender Oil,,,,
NEURO_MATRIX_914,Neuro-Matrix 914,,,,
VORTEX_SOY_ISOLATE,Vortex Soy Isolate,,,,
VOLCANIC_XANTHAN_SYRUP,Volcanic Xanthan Syrup,,,,
ASTEROID_HIBISCUS_GUM,Asteroid Hibiscus Gum,,,,
STELLAR_LEMON_ISOLATE,Stellar Lemon Isolate,,,,
Asteroid Vanilla Gum,Asteroid Vanilla Gum,,,,
Martian Ginger Gum,Martian Ginger Gum,,,,
Glacial Cane Extract,Glacial Cane Extract,,,,
Asteroid Hibiscus Gum,Asteroid Hibiscus Gum,,,,
Cyber-Flux 200,Cyber-Flux 200,,,,
Hyper-Synthesizer 914,Hyper-Synthesizer 914,,,,
Zenith Guava Extract,Zenith Guava Extract,,,,
quantum-maple-syrup,Quantum Maple Syrup,,,,
opal-agave-isolate,Opal Agave Isolate,,,,
neuro-matrix-703,Neuro-Matrix 703,,,,
cosmic-xanthan-lecithin,Cosmic Xanthan Lecithin,,,,
stellar-lemon-isolate,Stellar Lemon Isolate,,,,
hyper-synthesizer-679,Hyper-Synthesizer 679,,,,
stellar-cinnamon-oil,Stellar Cinnamon Oil,,,,
quantum-pomegranate-powder,Quantum Pomegranate Powder,,,,
glacial-locust-bean-gum,Glacial Locust Bean Gum,,,,
cosmic-caramel-lecithin,Cosmic Caramel Lecithin,,,,
martian-stevia-gum,Martian Stevia Gum,,,,
Plasma Acacia Gum,Plasma Acacia Gum,,,,
Nebula Cinnamon Isolate,Nebula Cinnamon Isolate,,,,
Pulsar Basil Isolate,Pulsar Basil Isolate,,,,
Quantum Pomegranate Powder,Quantum Pomegranate Powder,,,,
Neuro-Matrix 131,Neuro-Matrix 131,,,,
Hyper-Synthesizer 782,Hyper-Synthesizer 782,,,,
Pulsar Cinnamon Protein,Pulsar Cinnamon Protein,,,,
Opal Caramel Extract,Opal Caramel Extract,,,,
Bio-Flux 691,Bio-Flux 691,,,,
Hyper Acacia Extract,Hyper Acacia Extract,,,,
Cosmic Ginger Powder,Cosmic Ginger Powder,,,,
aura-stevia-lecithin,Aura Stevia Lecithin,,0.0,,
Cyber-Flux 200,Cyber-Flux 200,,,,
Krypto-Stabilizer 532,Krypto-Stabilizer 532,,,,
Krypto-Stabilizer 660,Krypto-Stabilizer 660,,,,
Hyper-Synthesizer 501,Hyper-Synthesizer 501,,,,
Xeno-Isolate-X 866,Xeno-Isolate-X 866,,,,
Aura Basil Protein,Aura Basil Protein,,,,
Krypto-Stabilizer 407,Krypto-Stabilizer 407,,,,
Aura Acai Gum,Aura Acai Gum,,,,
Plasma Cinnamon Concentrate,Plasma Cinnamon Concentrate,,,,
Solar Cane Protein,Solar Cane Protein,,,,
Neuro-Matrix 578,Neuro-Matrix 578,,,,
zenith_guava_extract,Zenith Guava Extract,,,,
cosmic_whey_extract,Cosmic Whey Extract,,,,
cosmic_caramel_lecithin,Cosmic Caramel Lecithin,,,,
martian_basil_concentrate,Martian Basil Concentrate,,,,
asteroid_basil_concentrate,Asteroid Basil Concentrate,,,,
opal_agave_isolate,Opal Agave Isolate,,,,
xeno_isolate_x_627,Xeno-Isolate-X 627,,,,
zenith_agave_extract,Zenith Agave Extract,,,,
nebula_cinnamon_isolate,Nebula Cinnamon Isolate,,,,
Hyper Passionfruit Lecithin,Hyper Passionfruit Lecithin,,,,
Cyber-Flux 855,Cyber-Flux 855,,,,
Plasma Acacia Gum,Plasma Acacia Gum,,,,
Cosmic Dragonfruit Gum,Cosmic Dragonfruit Gum,,,,
Zenith Guava Extract,Zenith Guava Extract,,,,
Aura Stevia Lecithin,Aura Stevia Lecithin,,,,
Volcanic Guava Isolate,Volcanic Guava Isolate,,,,
Plasma Cane Powder,Plasma Cane Powder,,,,
Lunar Sunflower Concentrate,Lunar Sunflower Concentrate,,,,
Galactic Acacia Lecithin,Galactic Acacia Lecithin,,,,
Krypto-Stabilizer 532,Krypto-Stabilizer 532,,,,
Aura Stevia Lecithin,Aura Stevia Lecithin,,,,
Cyber Acai Powder,Cyber Acai Powder,,,,
Lunar Guar Concentrate,Lunar Guar Concentrate,,,,
Asteroid Cinnamon Syrup,Asteroid Cinnamon Syrup,,,,
stellar-xanthan-syrup,Stellar Xanthan Syrup,,,,
nebula-stevia-oil,Nebula Stevia Oil,,,,
cyber-flux-197,Cyber-Flux 197,,,,
neuro-matrix-703,Neuro-Matrix 703,,,,
plasma-acacia-gum,Plasma Acacia Gum,,,,
cyber-chocolate-syrup,Cyber Chocolate Syrup,,,,
cyber-acai-powder,Cyber Acai Powder,,,,
stellar-lavender-extract,Stellar Lavender Extract,,,,
Cyber-Flux 581,Cyber-Flux 581,,,,
Cosmic Cinnamon Oil,Cosmic Cinnamon Oil,,,,
Asteroid Cinnamon Syrup,Asteroid Cinnamon Syrup,,,,
Lunar Beet Powder,Lunar Beet Powder,,,,
Martian Stevia Gum,Martian Stevia Gum,,,,
Neuro-Matrix 703,Neuro-Matrix 703,,,,
Zenith Agave Extract,Zenith Agave Extract,,,,
asteroid_chocolate_isolate,Asteroid Chocolate Isolate,,,,
aura_acai_gum,Aura Acai Gum,,,,
plasma_basil_oil,Plasma Basil Oil,,,,
aura_lavender_lecithin,Aura Lavender Lecithin,,,,
hyper_chicory_isolate,Hyper Chicory Isolate,,,,
nebula_passionfruit_syrup,Nebula Passionfruit Syrup,,,,
glacial_cane_oil,Glacial Cane Oil,,,,
volcanic_xanthan_syrup,Volcanic Xanthan Syrup,,,,
martian-stevia-gum,Martian Stevia Gum,,,,
lunar-beet-powder,Lunar Beet Powder,,,,
asteroid-hibiscus-gum,Asteroid Hibiscus Gum,,,,
aura-stevia-lecithin,Aura Stevia Lecithin,,,,
zenith-dragonfruit-powder,Zenith Dragonfruit Powder,,,,
stellar-lavender-extract,Stellar Lavender Extract,,,,
vortex-passionfruit-syrup,Vortex Passionfruit Syrup,,,,
hyper-chocolate-concentrate,Hyper Chocolate Concentrate,,,,
pulsar-basil-isolate,Pulsar Basil Isolate,,,,
solar-locust-bean-powder,Solar Locust Bean Powder,,,,
opal-maple-gum,Opal Maple Gum,,,,
quantum-pomegranate-powder,Quantum Pomegranate Powder,,,,
hyper-chocolate-concentrate,Hyper Chocolate Concentrate,,,,
comet-acai-syrup,Comet Acai Syrup,,,,
solar-monk-fruit-lecithin,Solar Monk Fruit Lecithin,,,,
vortex-sunflower-protein,Vortex Sunflower Protein,,,,
volcanic-xanthan-syrup,Volcanic Xanthan Syrup,,,,
neuro-matrix-703,Neuro-Matrix 703,,,,
Galactic Lavender Oil,Galactic Lavender Oil,0.0,0.0,N/A,N/A
Aura Lychee Gum,Aura Lychee Gum,0.0,0.0,N/A,N/A
Krypto-Stabilizer 627,Krypto-Stabilizer 627,0.0,0.0,N/A,N/A
Pulsar Maple Oil,Pulsar Maple Oil,0.0,0.0,N/A,N/A
Aura Lavender Lecithin,Aura Lavender Lecithin,0.0,0.0,N/A,N/A
Hyper Passionfruit Lecithin,Hyper Passionfruit Lecithin,0.0,0.0,N/A,N/A
Aura Locust Bean Lecithin,Aura Locust Bean Lecithin,0.0,0.0,N/A,N/A
Vortex Passionfruit Syrup,Vortex Passionfruit Syrup,0.0,0.0,N/A,N/A
Zenith Guava Extract,Zenith Guava Extract,0.0,0.0,N/A,N/A
Lunar Monk Fruit Lecithin,Lunar Monk Fruit Lecithin,0.0,0.0,N/A,N/A
Volcanic Guava Isolate,Volcanic Guava Isolate,0.0,0.0,N/A,N/A
nebula-sunflower-syrup,Nebula Sunflower Syrup,,,,
asteroid-basil-lecithin,Asteroid Basil Lecithin,,,,
solar-locust-bean-powder,Solar Locust Bean Powder,,,,
aura-lychee-gum,Aura Lychee Gum,,,,
martian-basil-concentrate,Martian Basil Concentrate,,,,
quantum-vanilla-concentrate,Quantum Vanilla Concentrate,,,,
comet-acai-syrup,Comet Acai Syrup,,,,
krypto-stabilizer-532,Krypto-Stabilizer 532,,,,
vortex_passionfruit_syrup,Vortex Passionfruit Syrup,,,,
plasma_isolate_x_590,Plasma-Isolate-X 590,,,,
zenith_sunflower_extract,Zenith Sunflower Extract,,,,
volcanic_acacia_extract,Volcanic Acacia Extract,,,,
volcanic_xanthan_syrup,Volcanic Xanthan Syrup,,,,
zenith_guava_extract,Zenith Guava Extract,,,,
galactic_lychee_lecithin,Galactic Lychee Lecithin,,,,
ASTEROID-STEVIA-PROTEIN,Asteroid Stevia Protein,,,,
ASTEROID-BASIL-CONCENTRATE,Asteroid Basil Concentrate,,,,
MARTIAN-GINGER-GUM,Martian Ginger Gum,,,,
PLASMA-LYCHEE-LECITHIN,Plasma Lychee Lecithin,,,,
ZENITH-SUNFLOWER-EXTRACT,Zenith Sunflower Extract,,,,
ASTEROID-MAPLE-GUM,Asteroid Maple Gum,,,,
KRYPTO-STABILIZER-407,Krypto-Stabilizer 407,,,,
STELLAR-CINNAMON-OIL,Stellar Cinnamon Oil,,,,
,Comet Acai Syrup,,,,
,Zenith Agave Extract,,,,
,Neuro-Matrix 806,,,,
,Lunar Beet Powder,,,,
,Nebula Passionfruit Lecithin,,,,
,Quantum Pomegranate Powder,,,,
,Glacial Locust Bean Gum,,,,
,Galactic Guar Syrup,,,,
KRYPTO-STABILIZER-627,Krypto-Stabilizer 627,,,,
AURA-ACAI-GUM,Aura Acai Gum,,,,
SOLAR-CHOCOLATE-POWDER,Solar Chocolate Powder,,,,
NEURO-MATRIX-703,Neuro-Matrix 703,,,,
SOLAR-CHICORY-GUM,Solar Chicory Gum,,,,
KRYPTO-STABILIZER-660,Krypto-Stabilizer 660,,,,
HYPER-CHOCOLATE-CONCENTRATE,Hyper Chocolate Concentrate,,,,
NEBULA-STEVIA-PROTEIN,Nebula Stevia Protein,,,,
CYBER-FLUX-829,Cyber-Flux 829,,,,
nebula-stevia-oil,Nebula Stevia Oil,,,,
asteroid-maple-gum,Asteroid Maple Gum,,,,
cosmic-ginger-powder,Cosmic Ginger Powder,,,,
martian-chocolate-concentrate,Martian Chocolate Concentrate,,,,
bio-flux-691,Bio-Flux 691,,,,
martian-ginger-gum,Martian Ginger Gum,,,,
plasma-cane-powder,Plasma Cane Powder,,,,
aura-caramel-extract,Aura Caramel Extract,,,,
cyber-guava-powder,Cyber Guava Powder,,,,
cyber-flux-581,Cyber-Flux 581,,,,
ING-HYPER-OAT-GUM,Hyper Oat Gum,,,,
ING-COMET-ALMOND-SYRUP,Comet Almond Syrup,,,,
ING-HYPER-WHEY-ISOLATE,Hyper Whey Isolate,,,,
ING-ASTEROID-BASIL-LECITHIN,Asteroid Basil Lecithin,,,,
ING-PLASMA-BASIL-OIL,Plasma Basil Oil,,,,
ING-AURA-ACAI-GUM,Aura Acai Gum,,,,
ING-ZENITH-DRAGONFRUIT-POWDER,Zenith Dragonfruit Powder,,,,
ING-COSMIC-CINNAMON-OIL,Cosmic Cinnamon Oil,,,,
ING-SOLAR-LOCUST-BEAN-POWDER,Solar Locust Bean Powder,,,,
ING-VOLCANIC-XANTHAN-SYRUP,Volcanic Xanthan Syrup,,,,
zenith-chicory-concentrate,Zenith Chicory Concentrate,,,,
volcanic-barley-extract,Volcanic Barley Extract,,,,
nebula-sunflower-syrup,Nebula Sunflower Syrup,,,,
glacial-locust-bean-gum,Glacial Locust Bean Gum,,,,
plasma-locust-bean-protein,Plasma Locust Bean Protein,,,,
martian-almond-protein,Martian Almond Protein,,,,
solar-chicory-gum,Solar Chicory Gum,,,,
aura-lavender-lecithin,Aura Lavender Lecithin,,,,
vortex-hibiscus-extract,Vortex Hibiscus Extract,,,,
asteroid-cinnamon-syrup,Asteroid Cinnamon Syrup,,,,
ASTEROID_HIBISCUS_GUM,Asteroid Hibiscus Gum,,,,
PLASMA_CINNAMON_CONCENTRATE,Plasma Cinnamon Concentrate,,,,
ZENITH_CHICORY_CONCENTRATE,Zenith Chicory Concentrate,,,,
SOLAR_CHICORY_GUM,Solar Chicory Gum,,,,
HYPER_SYNTHESIZER_914,Hyper-Synthesizer 914,,,,
MARTIAN_STEVIA_GUM,Martian Stevia Gum,,,,
NEURO_MATRIX_994,Neuro-Matrix 994,,,,
COSMIC_GINGER_POWDER,Cosmic Ginger Powder,,,,
VORTEX_ACACIA_CONCENTRATE,Vortex Acacia Concentrate,,,,
VORTEX_HIBISCUS_EXTRACT,Vortex Hibiscus Extract,,,,